Parameter,Level,Task,Tau,Mu,Phi,Metric,N,Mean,SE,CI_Low,CI_High
gamma,2,smooth,0,0.15,0.98,finalMean,100,0.735,0.00871953571185434,0.717909710004766,0.752090289995235
gamma,2,smooth,0,0.15,0.98,lossRate,100,0.0225316455696203,0.00190048080598819,0.0188067031898834,0.0262565879493571
gamma,2,smooth,0,0.15,0.98,bestFunctionalLineageDepth,100,4.32,0.12050399213807,4.08381217540938,4.55618782459062
gamma,2,smooth,0,0.15,0.98,bestStructuralLineageDepth,100,4.32,0.12050399213807,4.08381217540938,4.55618782459062
gamma,2,smooth,0,0.15,0.98,finalMeanComponentAccuracy,100,0.735,0.00871953571185434,0.717909710004766,0.752090289995235
gamma,2,smooth,0,0.15,0.98,finalExactTargetFraction,100,0.0303333333333333,0.0107631891268143,0.00923748264477731,0.0514291840218894
gamma,5,smooth,0,0.15,0.98,finalMean,100,0.847866666666667,0.00796506400909065,0.832255141208849,0.863478192124484
gamma,5,smooth,0,0.15,0.98,lossRate,100,0.0154430379746835,0.00150076440793824,0.0125015397351246,0.0183845362142425
gamma,5,smooth,0,0.15,0.98,bestFunctionalLineageDepth,100,4.85,0.110439891782678,4.63353781210595,5.06646218789405
gamma,5,smooth,0,0.15,0.98,bestStructuralLineageDepth,100,4.85,0.110439891782678,4.63353781210595,5.06646218789405
gamma,5,smooth,0,0.15,0.98,finalMeanComponentAccuracy,100,0.847866666666667,0.00796506400909065,0.832255141208849,0.863478192124484
gamma,5,smooth,0,0.15,0.98,finalExactTargetFraction,100,0.155333333333333,0.0270520137478053,0.102311386387635,0.208355280279032
gamma,10,smooth,0,0.15,0.98,finalMean,100,0.939066666666666,0.00589604672669468,0.927510415082344,0.950622918250988
gamma,10,smooth,0,0.15,0.98,lossRate,100,0.00860759493670886,0.0011218465000648,0.00640877579658184,0.0108064140768359
gamma,10,smooth,0,0.15,0.98,bestFunctionalLineageDepth,100,5.26,0.0927906299693078,5.07813036526016,5.44186963473984
gamma,10,smooth,0,0.15,0.98,bestStructuralLineageDepth,100,5.26,0.0927906299693078,5.07813036526016,5.44186963473984
gamma,10,smooth,0,0.15,0.98,finalMeanComponentAccuracy,100,0.939066666666666,0.00589604672669468,0.927510415082344,0.950622918250988
gamma,10,smooth,0,0.15,0.98,finalExactTargetFraction,100,0.531666666666667,0.0367793646091799,0.459579112032674,0.603754221300659
gamma,20,smooth,0,0.15,0.98,finalMean,100,0.983066666666667,0.00303206951879058,0.977123810409837,0.989009522923497
gamma,20,smooth,0,0.15,0.98,lossRate,100,0.00227848101265823,0.000606933962602791,0.00108889044595676,0.0034680715793597
gamma,20,smooth,0,0.15,0.98,bestFunctionalLineageDepth,100,5.36,0.0785216948725419,5.20609747804982,5.51390252195018
gamma,20,smooth,0,0.15,0.98,bestStructuralLineageDepth,100,5.36,0.0785216948725419,5.20609747804982,5.51390252195018
gamma,20,smooth,0,0.15,0.98,finalMeanComponentAccuracy,100,0.983066666666667,0.00303206951879058,0.977123810409837,0.989009522923497
gamma,20,smooth,0,0.15,0.98,finalExactTargetFraction,100,0.843333333333334,0.0261974716268737,0.791986288944661,0.894680377722006
gamma,Inf,smooth,0,0.15,0.98,finalMean,100,0.994533333333333,0.00250902747199366,0.989615639488226,0.999451027178441
gamma,Inf,smooth,0,0.15,0.98,lossRate,100,0,0,0,0
gamma,Inf,smooth,0,0.15,0.98,bestFunctionalLineageDepth,100,5.38,0.0721670340812258,5.2385526132008,5.5214473867992
gamma,Inf,smooth,0,0.15,0.98,bestStructuralLineageDepth,100,5.38,0.0721670340812258,5.2385526132008,5.5214473867992
gamma,Inf,smooth,0,0.15,0.98,finalMeanComponentAccuracy,100,0.994533333333333,0.00250902747199366,0.989615639488226,0.999451027178441
gamma,Inf,smooth,0,0.15,0.98,finalExactTargetFraction,100,0.953333333333333,0.02028417638081,0.913576347626946,0.993090319039721
gamma,2,smooth,0.6,0.15,0.98,finalMean,100,0.784866666666667,0.00960831336636937,0.766034372468583,0.803698960864751
gamma,2,smooth,0.6,0.15,0.98,lossRate,100,0.0232911392405063,0.00173243528569399,0.0198955660805461,0.0266867124004666
gamma,2,smooth,0.6,0.15,0.98,bestFunctionalLineageDepth,100,4.3,0.115031835733953,4.07453760196145,4.52546239803855
gamma,2,smooth,0.6,0.15,0.98,bestStructuralLineageDepth,100,4.3,0.115031835733953,4.07453760196145,4.52546239803855
gamma,2,smooth,0.6,0.15,0.98,finalMeanComponentAccuracy,100,0.784866666666667,0.00960831336636937,0.766034372468583,0.803698960864751
gamma,2,smooth,0.6,0.15,0.98,finalExactTargetFraction,100,0.0473333333333333,0.0146502816342924,0.0186187813301202,0.0760478853365464
gamma,5,smooth,0.6,0.15,0.98,finalMean,100,0.881233333333334,0.00765438263434137,0.866230743370025,0.896235923296643
gamma,5,smooth,0.6,0.15,0.98,lossRate,100,0.0158227848101266,0.00149855196437419,0.0128856229599532,0.0187599466603
gamma,5,smooth,0.6,0.15,0.98,bestFunctionalLineageDepth,100,4.82,0.104813446588969,4.61456564468562,5.02543435531438
gamma,5,smooth,0.6,0.15,0.98,bestStructuralLineageDepth,100,4.82,0.104813446588969,4.61456564468562,5.02543435531438
gamma,5,smooth,0.6,0.15,0.98,finalMeanComponentAccuracy,100,0.881233333333334,0.00765438263434137,0.866230743370025,0.896235923296643
gamma,5,smooth,0.6,0.15,0.98,finalExactTargetFraction,100,0.250333333333333,0.0338627817968537,0.1839622810115,0.316704385655167
gamma,10,smooth,0.6,0.15,0.98,finalMean,100,0.954833333333333,0.00525412029006253,0.944535257564811,0.965131409101856
gamma,10,smooth,0.6,0.15,0.98,lossRate,100,0.00721518987341772,0.000973128877665352,0.00530785727319363,0.00912252247364181
gamma,10,smooth,0.6,0.15,0.98,bestFunctionalLineageDepth,100,5.15,0.0891882585015844,4.97519101333689,5.32480898666311
gamma,10,smooth,0.6,0.15,0.98,bestStructuralLineageDepth,100,5.15,0.0891882585015844,4.97519101333689,5.32480898666311
gamma,10,smooth,0.6,0.15,0.98,finalMeanComponentAccuracy,100,0.954833333333333,0.00525412029006253,0.944535257564811,0.965131409101856
gamma,10,smooth,0.6,0.15,0.98,finalExactTargetFraction,100,0.622333333333333,0.0387053533390974,0.546470840788702,0.698195825877964
gamma,20,smooth,0.6,0.15,0.98,finalMean,100,0.989233333333334,0.00234454018666107,0.984638034567479,0.99382863209919
gamma,20,smooth,0.6,0.15,0.98,lossRate,100,0.00379746835443038,0.000773848906859687,0.0022807244969854,0.00531421221187537
gamma,20,smooth,0.6,0.15,0.98,bestFunctionalLineageDepth,100,5.34,0.0831452422759794,5.17703532513908,5.50296467486092
gamma,20,smooth,0.6,0.15,0.98,bestStructuralLineageDepth,100,5.34,0.0831452422759794,5.17703532513908,5.50296467486092
gamma,20,smooth,0.6,0.15,0.98,finalMeanComponentAccuracy,100,0.989233333333334,0.00234454018666107,0.984638034567479,0.99382863209919
gamma,20,smooth,0.6,0.15,0.98,finalExactTargetFraction,100,0.896333333333334,0.0222519750318272,0.852719462270952,0.939947204395715
gamma,Inf,smooth,0.6,0.15,0.98,finalMean,100,0.997266666666667,0.00156374467821022,0.994201727097375,1.00033160623596
gamma,Inf,smooth,0.6,0.15,0.98,lossRate,100,0,0,0,0
gamma,Inf,smooth,0.6,0.15,0.98,bestFunctionalLineageDepth,100,5.39,0.0790026211047086,5.23515486263477,5.54484513736523
gamma,Inf,smooth,0.6,0.15,0.98,bestStructuralLineageDepth,100,5.39,0.0790026211047086,5.23515486263477,5.54484513736523
gamma,Inf,smooth,0.6,0.15,0.98,finalMeanComponentAccuracy,100,0.997266666666667,0.00156374467821022,0.994201727097375,1.00033160623596
gamma,Inf,smooth,0.6,0.15,0.98,finalExactTargetFraction,100,0.972666666666667,0.0156374467821021,0.942017270973747,1.00331606235959
gamma,2,opaque,0,0.15,0.98,finalMean,100,0.0351647424193333,0.00948891082793103,0.0165664771965885,0.0537630076420781
gamma,2,opaque,0,0.15,0.98,lossRate,100,0.0625316455696203,0.00243930828094717,0.0577506013389638,0.0673126898002767
gamma,2,opaque,0,0.15,0.98,bestFunctionalLineageDepth,100,2.68,0.126235310176486,2.43257879205409,2.92742120794591
gamma,2,opaque,0,0.15,0.98,bestStructuralLineageDepth,100,2.68,0.126235310176486,2.43257879205409,2.92742120794591
gamma,2,opaque,0,0.15,0.98,finalMeanComponentAccuracy,100,0.255733333333333,0.0131576881973275,0.229944264466571,0.281522402200095
gamma,2,opaque,0,0.15,0.98,finalExactTargetFraction,100,0.00933333333333333,0.00933333333333335,-0.00896000000000003,0.0276266666666667
gamma,5,opaque,0,0.15,0.98,finalMean,100,0.0630854457753333,0.0145874885537396,0.0344939682100037,0.0916769233406629
gamma,5,opaque,0,0.15,0.98,lossRate,100,0.0564556962025317,0.00264678707742686,0.051267993530775,0.0616433988742883
gamma,5,opaque,0,0.15,0.98,bestFunctionalLineageDepth,100,2.85,0.143811745632331,2.56812897856063,3.13187102143937
gamma,5,opaque,0,0.15,0.98,bestStructuralLineageDepth,100,2.85,0.143811745632331,2.56812897856063,3.13187102143937
gamma,5,opaque,0,0.15,0.98,finalMeanComponentAccuracy,100,0.336933333333333,0.0183510890449532,0.300965198805225,0.372901467861442
gamma,5,opaque,0,0.15,0.98,finalExactTargetFraction,100,0.0193333333333333,0.0136097608070674,-0.00734179784851885,0.0460084645151855
gamma,10,opaque,0,0.15,0.98,finalMean,100,0.241619054137333,0.0338570535089687,0.175259229259755,0.307978879014912
gamma,10,opaque,0,0.15,0.98,lossRate,100,0.039493670886076,0.00282348107872967,0.0339596479717658,0.0450276938003861
gamma,10,opaque,0,0.15,0.98,bestFunctionalLineageDepth,100,3.88,0.165315737089041,3.55598115530548,4.20401884469452
gamma,10,opaque,0,0.15,0.98,bestStructuralLineageDepth,100,3.88,0.165315737089041,3.55598115530548,4.20401884469452
gamma,10,opaque,0,0.15,0.98,finalMeanComponentAccuracy,100,0.577933333333333,0.0260823516666424,0.526811924066714,0.629054742599952
gamma,10,opaque,0,0.15,0.98,finalExactTargetFraction,100,0.148,0.0352140161871226,0.0789805282732397,0.21701947172676
gamma,20,opaque,0,0.15,0.98,finalMean,100,0.648320067955333,0.041455764307044,0.567066769913527,0.72957336599714
gamma,20,opaque,0,0.15,0.98,lossRate,100,0.0181012658227848,0.00209241089940154,0.0140001404599578,0.0222023911856118
gamma,20,opaque,0,0.15,0.98,bestFunctionalLineageDepth,100,4.91,0.144316571215064,4.62713952041847,5.19286047958153
gamma,20,opaque,0,0.15,0.98,bestStructuralLineageDepth,100,4.91,0.144316571215064,4.62713952041847,5.19286047958153
gamma,20,opaque,0,0.15,0.98,finalMeanComponentAccuracy,100,0.846733333333333,0.0217150188268099,0.804171896432786,0.889294770233881
gamma,20,opaque,0,0.15,0.98,finalExactTargetFraction,100,0.560333333333333,0.0494179250184719,0.463474200297128,0.657192466369538
gamma,Inf,opaque,0,0.15,0.98,finalMean,100,0.989374216609667,0.00735253269065012,0.974963252535992,1.00378518068334
gamma,Inf,opaque,0,0.15,0.98,lossRate,100,0,0,0,0
gamma,Inf,opaque,0,0.15,0.98,bestFunctionalLineageDepth,100,5.27,0.0874498413233251,5.09859831100628,5.44140168899372
gamma,Inf,opaque,0,0.15,0.98,bestStructuralLineageDepth,100,5.27,0.0874498413233251,5.09859831100628,5.44140168899372
gamma,Inf,opaque,0,0.15,0.98,finalMeanComponentAccuracy,100,0.997966666666667,0.00140696918571883,0.995209007062658,1.00072432627068
gamma,Inf,opaque,0,0.15,0.98,finalExactTargetFraction,100,0.979666666666667,0.0140696918571882,0.952090070626578,1.00724326270676
gamma,2,opaque,0.6,0.15,0.98,finalMean,100,0.0983728822123333,0.0217222192439175,0.055797332494255,0.140948431930412
gamma,2,opaque,0.6,0.15,0.98,lossRate,100,0.0539240506329114,0.0029267231432796,0.0481876732720834,0.0596604279937394
gamma,2,opaque,0.6,0.15,0.98,bestFunctionalLineageDepth,100,2.88,0.136537263201019,2.612386964126,3.147613035874
gamma,2,opaque,0.6,0.15,0.98,bestStructuralLineageDepth,100,2.88,0.136537263201019,2.612386964126,3.147613035874
gamma,2,opaque,0.6,0.15,0.98,finalMeanComponentAccuracy,100,0.375433333333334,0.0220266472126344,0.33226110479657,0.418605561870097
gamma,2,opaque,0.6,0.15,0.98,finalExactTargetFraction,100,0.0526666666666667,0.0203955277772086,0.0126914322233379,0.0926419011099955
gamma,5,opaque,0.6,0.15,0.98,finalMean,100,0.200594373395333,0.0344121099582925,0.13314663787708,0.268042108913587
gamma,5,opaque,0.6,0.15,0.98,lossRate,100,0.0460759493670886,0.0030876474410002,0.0400241603827282,0.052127738351449
gamma,5,opaque,0.6,0.15,0.98,bestFunctionalLineageDepth,100,3.09,0.129564148925807,2.83605426810542,3.34394573189458
gamma,5,opaque,0.6,0.15,0.98,bestStructuralLineageDepth,100,3.09,0.129564148925807,2.83605426810542,3.34394573189458
gamma,5,opaque,0.6,0.15,0.98,finalMeanComponentAccuracy,100,0.484133333333333,0.0267313659569788,0.431739856057655,0.536526810609012
gamma,5,opaque,0.6,0.15,0.98,finalExactTargetFraction,100,0.148666666666667,0.0355726600272476,0.0789442530132614,0.218389080320072
gamma,10,opaque,0.6,0.15,0.98,finalMean,100,0.373700816511333,0.0404827743245527,0.29435457883521,0.453047054187457
gamma,10,opaque,0.6,0.15,0.98,lossRate,100,0.030126582278481,0.00264287062348838,0.0249465558564438,0.0353066087005183
gamma,10,opaque,0.6,0.15,0.98,bestFunctionalLineageDepth,100,4.01,0.158589107603596,3.69916534909695,4.32083465090305
gamma,10,opaque,0.6,0.15,0.98,bestStructuralLineageDepth,100,4.01,0.158589107603596,3.69916534909695,4.32083465090305
gamma,10,opaque,0.6,0.15,0.98,finalMeanComponentAccuracy,100,0.677733333333334,0.0265344736908729,0.625725764899223,0.729740901767444
gamma,10,opaque,0.6,0.15,0.98,finalExactTargetFraction,100,0.271333333333333,0.043682920356407,0.185714809434776,0.356951857231891
gamma,20,opaque,0.6,0.15,0.98,finalMean,100,0.677420615336,0.0371867092050574,0.604534665294088,0.750306565377913
gamma,20,opaque,0.6,0.15,0.98,lossRate,100,0.0158227848101266,0.00200648933698228,0.0118900657096413,0.0197555039106119
gamma,20,opaque,0.6,0.15,0.98,bestFunctionalLineageDepth,100,5.02,0.121422544625923,4.78201181253319,5.25798818746681
gamma,20,opaque,0.6,0.15,0.98,bestStructuralLineageDepth,100,5.02,0.121422544625923,4.78201181253319,5.25798818746681
gamma,20,opaque,0.6,0.15,0.98,finalMeanComponentAccuracy,100,0.8876,0.0169095487670775,0.854457284416528,0.920742715583472
gamma,20,opaque,0.6,0.15,0.98,finalExactTargetFraction,100,0.544333333333333,0.0490288515348696,0.448236784324989,0.640429882341678
gamma,Inf,opaque,0.6,0.15,0.98,finalMean,100,0.984496807840333,0.0088610520813691,0.96712914576085,1.00186446991982
gamma,Inf,opaque,0.6,0.15,0.98,lossRate,100,0,0,0,0
gamma,Inf,opaque,0.6,0.15,0.98,bestFunctionalLineageDepth,100,5.2,0.0942809041582064,5.01520942784992,5.38479057215008
gamma,Inf,opaque,0.6,0.15,0.98,bestStructuralLineageDepth,100,5.2,0.0942809041582064,5.01520942784992,5.38479057215008
gamma,Inf,opaque,0.6,0.15,0.98,finalMeanComponentAccuracy,100,0.997033333333333,0.00169563710303391,0.993709884611387,1.00035678205528
gamma,Inf,opaque,0.6,0.15,0.98,finalExactTargetFraction,100,0.970333333333333,0.016956371030339,0.937098846113869,1.0035678205528
gamma,2,strict_sequence,0,0.15,0.98,finalMean,100,0.06383,0.013110251208747,0.0381339076308558,0.0895260923691442
gamma,2,strict_sequence,0,0.15,0.98,lossRate,100,0.0315189873417722,0.00200745705827337,0.0275843715075564,0.035453603175988
gamma,2,strict_sequence,0,0.15,0.98,bestFunctionalLineageDepth,100,0.99,0.103957061843199,0.78624415878733,1.19375584121267
gamma,2,strict_sequence,0,0.15,0.98,bestStructuralLineageDepth,100,2.77,0.134731307618256,2.50592663706822,3.03407336293178
gamma,2,strict_sequence,0,0.15,0.98,finalMeanComponentAccuracy,100,0.2498,0.018727283732685,0.213094523883937,0.286505476116063
gamma,2,strict_sequence,0,0.15,0.98,finalExactTargetFraction,100,0,0,0,0
gamma,5,strict_sequence,0,0.15,0.98,finalMean,100,0.1382,0.0215333453211129,0.0959946431706188,0.180405356829381
gamma,5,strict_sequence,0,0.15,0.98,lossRate,100,0.0263291139240506,0.0019434282860242,0.0225199944834432,0.0301382333646581
gamma,5,strict_sequence,0,0.15,0.98,bestFunctionalLineageDepth,100,1.58,0.14576860035167,1.29429354331073,1.86570645668927
gamma,5,strict_sequence,0,0.15,0.98,bestStructuralLineageDepth,100,3.09,0.138604152575279,2.81833586095245,3.36166413904755
gamma,5,strict_sequence,0,0.15,0.98,finalMeanComponentAccuracy,100,0.340566666666667,0.0242156443204408,0.293104003798603,0.388029329534731
gamma,5,strict_sequence,0,0.15,0.98,finalExactTargetFraction,100,0.009,0.00633616807018978,-0.00341888941757197,0.021418889417572
gamma,10,strict_sequence,0,0.15,0.98,finalMean,100,0.182066666666667,0.0219144116185697,0.13911441989427,0.225018913439063
gamma,10,strict_sequence,0,0.15,0.98,lossRate,100,0.0215189873417722,0.00190829964922635,0.0177787200292885,0.0252592546542558
gamma,10,strict_sequence,0,0.15,0.98,bestFunctionalLineageDepth,100,2.07,0.147199445541336,1.78148908673898,2.35851091326102
gamma,10,strict_sequence,0,0.15,0.98,bestStructuralLineageDepth,100,3.44,0.146556432403317,3.1527493924895,3.7272506075105
gamma,10,strict_sequence,0,0.15,0.98,finalMeanComponentAccuracy,100,0.406766666666667,0.0240081100681835,0.359710770933027,0.453822562400307
gamma,10,strict_sequence,0,0.15,0.98,finalExactTargetFraction,100,0.0206666666666667,0.0134655065006804,-0.00572572607466686,0.0470590594080002
gamma,20,strict_sequence,0,0.15,0.98,finalMean,100,0.402683333333333,0.0323774888109926,0.339223455263788,0.466143211402879
gamma,20,strict_sequence,0,0.15,0.98,lossRate,100,0.00936708860759494,0.0014123136488511,0.00659895385584678,0.0121352233593431
gamma,20,strict_sequence,0,0.15,0.98,bestFunctionalLineageDepth,100,3.49,0.17085347257492,3.15512719375316,3.82487280624684
gamma,20,strict_sequence,0,0.15,0.98,bestStructuralLineageDepth,100,4.52,0.171434824320787,4.18398774433126,4.85601225566874
gamma,20,strict_sequence,0,0.15,0.98,finalMeanComponentAccuracy,100,0.6062,0.0261571706374672,0.554931945550565,0.657468054449436
gamma,20,strict_sequence,0,0.15,0.98,finalExactTargetFraction,100,0.132,0.0318981262797226,0.0694796724917438,0.194520327508256
gamma,Inf,strict_sequence,0,0.15,0.98,finalMean,100,0.64189,0.0276030521153559,0.587788017853902,0.695991982146097
gamma,Inf,strict_sequence,0,0.15,0.98,lossRate,100,0,0,0,0
gamma,Inf,strict_sequence,0,0.15,0.98,bestFunctionalLineageDepth,100,5.07,0.135776851986462,4.80387737010654,5.33612262989346
gamma,Inf,strict_sequence,0,0.15,0.98,bestStructuralLineageDepth,100,5.6,0.14633571475939,5.3131819990716,5.8868180009284
gamma,Inf,strict_sequence,0,0.15,0.98,finalMeanComponentAccuracy,100,0.8035,0.0161420723055157,0.771861538281189,0.835138461718811
gamma,Inf,strict_sequence,0,0.15,0.98,finalExactTargetFraction,100,0.27,0.0430005350630976,0.185718951276329,0.354281048723671
gamma,2,strict_sequence,0.6,0.15,0.98,finalMean,100,0.0543266666666667,0.0102485135983923,0.0342395800138178,0.0744137533195155
gamma,2,strict_sequence,0.6,0.15,0.98,lossRate,100,0.0317721518987342,0.00203945169602301,0.0277748265745291,0.0357694772229393
gamma,2,strict_sequence,0.6,0.15,0.98,bestFunctionalLineageDepth,100,0.95,0.0978299906506541,0.758253218324718,1.14174678167528
gamma,2,strict_sequence,0.6,0.15,0.98,bestStructuralLineageDepth,100,2.4,0.113707048722992,2.17713418450294,2.62286581549706
gamma,2,strict_sequence,0.6,0.15,0.98,finalMeanComponentAccuracy,100,0.257133333333333,0.0170038630324021,0.223805761789825,0.290460904876842
gamma,2,strict_sequence,0.6,0.15,0.98,finalExactTargetFraction,100,0,0,0,0
gamma,5,strict_sequence,0.6,0.15,0.98,finalMean,100,0.16417,0.0255813762815434,0.114030502488175,0.214309497511825
gamma,5,strict_sequence,0.6,0.15,0.98,lossRate,100,0.0239240506329114,0.0019863842136082,0.0200307375742393,0.0278173636915835
gamma,5,strict_sequence,0.6,0.15,0.98,bestFunctionalLineageDepth,100,1.68,0.146252859766567,1.39334439485753,1.96665560514247
gamma,5,strict_sequence,0.6,0.15,0.98,bestStructuralLineageDepth,100,2.99,0.139620698300572,2.71634343133088,3.26365656866912
gamma,5,strict_sequence,0.6,0.15,0.98,finalMeanComponentAccuracy,100,0.391466666666667,0.0246298897735686,0.343192082710472,0.439741250622861
gamma,5,strict_sequence,0.6,0.15,0.98,finalExactTargetFraction,100,0.056,0.0224327402225965,0.0120318291637108,0.0999681708362892
gamma,10,strict_sequence,0.6,0.15,0.98,finalMean,100,0.283533333333333,0.0309711596049087,0.222829860507712,0.344236806158954
gamma,10,strict_sequence,0.6,0.15,0.98,lossRate,100,0.0165822784810127,0.00184091306470289,0.012974088874195,0.0201904680878303
gamma,10,strict_sequence,0.6,0.15,0.98,bestFunctionalLineageDepth,100,2.52,0.165437894600049,2.1957417265839,2.8442582734161
gamma,10,strict_sequence,0.6,0.15,0.98,bestStructuralLineageDepth,100,3.59,0.157053037428942,3.28217604663927,3.89782395336073
gamma,10,strict_sequence,0.6,0.15,0.98,finalMeanComponentAccuracy,100,0.5167,0.0267237812183047,0.464321388812123,0.569078611187877
gamma,10,strict_sequence,0.6,0.15,0.98,finalExactTargetFraction,100,0.102333333333333,0.0295011080466827,0.0445111615618353,0.160155505104831
gamma,20,strict_sequence,0.6,0.15,0.98,finalMean,100,0.495333333333333,0.0328594384249441,0.430928834020443,0.559737832646224
gamma,20,strict_sequence,0.6,0.15,0.98,lossRate,100,0.00810126582278481,0.00135260623750657,0.00545015759727193,0.0107523740482977
gamma,20,strict_sequence,0.6,0.15,0.98,bestFunctionalLineageDepth,100,4.04,0.181419765497399,3.6844172596251,4.3955827403749
gamma,20,strict_sequence,0.6,0.15,0.98,bestStructuralLineageDepth,100,4.81,0.161242022745282,4.49396563541925,5.12603436458075
gamma,20,strict_sequence,0.6,0.15,0.98,finalMeanComponentAccuracy,100,0.685233333333333,0.0249491629021375,0.636332974045144,0.734133692621523
gamma,20,strict_sequence,0.6,0.15,0.98,finalExactTargetFraction,100,0.199666666666667,0.0392193606418852,0.122796719808572,0.276536613524762
gamma,Inf,strict_sequence,0.6,0.15,0.98,finalMean,100,0.689903333333333,0.0282962567055534,0.634442670190449,0.745363996476218
gamma,Inf,strict_sequence,0.6,0.15,0.98,lossRate,100,0,0,0,0
gamma,Inf,strict_sequence,0.6,0.15,0.98,bestFunctionalLineageDepth,100,5.12,0.140906158327255,4.84382392967858,5.39617607032142
gamma,Inf,strict_sequence,0.6,0.15,0.98,bestStructuralLineageDepth,100,5.7,0.14106377954312,5.42351499209549,5.97648500790451
gamma,Inf,strict_sequence,0.6,0.15,0.98,finalMeanComponentAccuracy,100,0.828633333333333,0.0164470442252885,0.796397126651768,0.860869540014899
gamma,Inf,strict_sequence,0.6,0.15,0.98,finalExactTargetFraction,100,0.342,0.0461627920191507,0.251520927642465,0.432479072357535
