Family,Severity,Tau,Mu,Phi,Metric,N,Mean,SE,CI_Low,CI_High
sequence_mix,0,0,0,0.45,finalMean,100,0.2171,0.0064614292025888,0.204435598762926,0.229764401237074
sequence_mix,0,0,0,0.45,lossRate,100,0.010126582278481,0.00104908280254525,0.00807037998549232,0.0121827845714697
sequence_mix,0,0,0,0.65,finalMean,100,0.3323,0.00636959229059228,0.319815599110439,0.344784400889561
sequence_mix,0,0,0,0.65,lossRate,100,0.00392405063291139,0.000689691866563509,0.00257225457444692,0.00527584669137587
sequence_mix,0,0,0,0.8,finalMean,100,0.437333333333333,0.00905600482246761,0.419583563881297,0.45508310278537
sequence_mix,0,0,0,0.8,lossRate,100,0.000379746835443038,0.000217021022781982,-4.56143692096459e-05,0.000805108040095722
sequence_mix,0,0,0,0.92,finalMean,100,0.456833333333333,0.00718480985864107,0.442751106010397,0.47091556065627
sequence_mix,0,0,0,0.92,lossRate,100,0.000126582278481013,0.000126582278481012,-0.000121518987341772,0.000374683544303797
sequence_mix,0,0,0,0.98,finalMean,100,0.482066666666667,0.00781747158311828,0.466744422363755,0.497388910969579
sequence_mix,0,0,0,0.98,lossRate,100,0,0,0,0
sequence_mix,0,0,0.03,0.45,finalMean,100,0.224333333333333,0.00657077500566594,0.211454614322228,0.237212052344439
sequence_mix,0,0,0.03,0.45,lossRate,100,0.0116455696202532,0.00105952169450565,0.00956890709902209,0.0137222321414842
sequence_mix,0,0,0.03,0.65,finalMean,100,0.353666666666667,0.00623474569425681,0.341446565105923,0.36588676822741
sequence_mix,0,0,0.03,0.65,lossRate,100,0.0049367088607595,0.000739519120498997,0.00348725138458146,0.00638616633693753
sequence_mix,0,0,0.03,0.8,finalMean,100,0.4919,0.00749983239618188,0.477200328503483,0.506599671496516
sequence_mix,0,0,0.03,0.8,lossRate,100,0.00455696202531646,0.000774267090574002,0.00303939852779142,0.0060745255228415
sequence_mix,0,0,0.03,0.92,finalMean,100,0.6245,0.0102394864095039,0.604430606637372,0.644569393362628
sequence_mix,0,0,0.03,0.92,lossRate,100,0.0059493670886076,0.000852563702738386,0.00427834223124036,0.00762039194597483
sequence_mix,0,0,0.03,0.98,finalMean,100,0.716866666666667,0.010214953498276,0.696845357810046,0.736887975523288
sequence_mix,0,0,0.03,0.98,lossRate,100,0.00556962025316456,0.000770075034373892,0.00406027318579173,0.00707896732053739
sequence_mix,0,0,0.08,0.45,finalMean,100,0.247366666666667,0.00705427014458103,0.233540297183288,0.261193036150045
sequence_mix,0,0,0.08,0.45,lossRate,100,0.00974683544303797,0.000966453244904414,0.00785258708302532,0.0116410838030506
sequence_mix,0,0,0.08,0.65,finalMean,100,0.3922,0.00595045386794721,0.380537110418824,0.403862889581177
sequence_mix,0,0,0.08,0.65,lossRate,100,0.00898734177215189,0.000922586078175125,0.00717907305892865,0.0107956104853751
sequence_mix,0,0,0.08,0.8,finalMean,100,0.568366666666667,0.00722967680547063,0.554196500127944,0.582536833205389
sequence_mix,0,0,0.08,0.8,lossRate,100,0.00721518987341772,0.000921884091329579,0.00540829705441175,0.0090220826924237
sequence_mix,0,0,0.08,0.92,finalMean,100,0.756566666666667,0.0078696528886669,0.741142147004879,0.771991186328454
sequence_mix,0,0,0.08,0.92,lossRate,100,0.00784810126582278,0.000895614178438031,0.00609269747608424,0.00960350505556132
sequence_mix,0,0,0.08,0.98,finalMean,100,0.8679,0.00830934662304491,0.851613680618832,0.884186319381168
sequence_mix,0,0,0.08,0.98,lossRate,100,0.00734177215189873,0.000937983147172144,0.00550332518344133,0.00918021912035613
sequence_mix,0,0,0.15,0.45,finalMean,100,0.2679,0.006345222758253,0.255463363393824,0.280336636606176
sequence_mix,0,0,0.15,0.45,lossRate,100,0.0113924050632911,0.00114497978953581,0.00914824467580095,0.0136365654507813
sequence_mix,0,0,0.15,0.65,finalMean,100,0.441333333333333,0.00614800616443898,0.429283241251033,0.453383425415634
sequence_mix,0,0,0.15,0.65,lossRate,100,0.00886075949367088,0.00104134038822388,0.00681973233275208,0.0109017866545897
sequence_mix,0,0,0.15,0.8,finalMean,100,0.621933333333333,0.00733320783486126,0.607560245977005,0.636306420689661
sequence_mix,0,0,0.15,0.8,lossRate,100,0.0113924050632911,0.00113075588592126,0.00917612352688546,0.0136086865996968
sequence_mix,0,0,0.15,0.92,finalMean,100,0.820533333333333,0.00725945646677776,0.806304798658449,0.834761868008218
sequence_mix,0,0,0.15,0.92,lossRate,100,0.00835443037974683,0.00097254658910241,0.00644823906510611,0.0102606216943876
sequence_mix,0,0,0.15,0.98,finalMean,100,0.937,0.004726765491219,0.927735539637211,0.946264460362789
sequence_mix,0,0,0.15,0.98,lossRate,100,0.00784810126582278,0.000965196423645871,0.00595631627547688,0.00973988625616869
sequence_mix,0,0.6,0,0.45,finalMean,100,0.4128,0.00780711925815861,0.397498046254009,0.428101953745991
sequence_mix,0,0.6,0,0.45,lossRate,100,0.0010126582278481,0.000345139144739608,0.000336185504158469,0.00168913095153773
sequence_mix,0,0.6,0,0.65,finalMean,100,0.453466666666667,0.0081465146816927,0.437499497890549,0.469433835442785
sequence_mix,0,0.6,0,0.65,lossRate,100,0.000126582278481013,0.000126582278481013,-0.000121518987341772,0.000374683544303797
sequence_mix,0,0.6,0,0.8,finalMean,100,0.468,0.00821962831047058,0.451889528511478,0.484110471488522
sequence_mix,0,0.6,0,0.8,lossRate,100,0.000253164556962025,0.000178107967261126,-9.5927058869782e-05,0.000602256172793833
sequence_mix,0,0.6,0,0.92,finalMean,100,0.478833333333333,0.00711069679979926,0.464896367605727,0.49277029906094
sequence_mix,0,0.6,0,0.92,lossRate,100,0,0,0,0
sequence_mix,0,0.6,0,0.98,finalMean,100,0.485133333333334,0.00760403637866336,0.470229422031153,0.500037244635514
sequence_mix,0,0.6,0,0.98,lossRate,100,0,0,0,0
sequence_mix,0,0.6,0.03,0.45,finalMean,100,0.470466666666667,0.00685623083294078,0.457028454234103,0.483904879099231
sequence_mix,0,0.6,0.03,0.45,lossRate,100,0.00569620253164557,0.000851043641439731,0.0040281569944237,0.00736424806886744
sequence_mix,0,0.6,0.03,0.65,finalMean,100,0.564833333333333,0.00859362839165053,0.547989821685698,0.581676844980968
sequence_mix,0,0.6,0.03,0.65,lossRate,100,0.00417721518987342,0.000743012587220158,0.00272091051892191,0.00563351986082493
sequence_mix,0,0.6,0.03,0.8,finalMean,100,0.6404,0.00850487151614725,0.623730451828351,0.657069548171649
sequence_mix,0,0.6,0.03,0.8,lossRate,100,0.00531645569620253,0.000808222413744968,0.0037323397652624,0.00690057162714267
sequence_mix,0,0.6,0.03,0.92,finalMean,100,0.7196,0.0104744121976674,0.699070152092572,0.740129847907428
sequence_mix,0,0.6,0.03,0.92,lossRate,100,0.0059493670886076,0.000852563702738387,0.00427834223124036,0.00762039194597483
sequence_mix,0,0.6,0.03,0.98,finalMean,100,0.722033333333333,0.00841527324532547,0.705539397772495,0.738527268894171
sequence_mix,0,0.6,0.03,0.98,lossRate,100,0.00670886075949367,0.000907730357499766,0.00492970925879413,0.00848801226019321
sequence_mix,0,0.6,0.08,0.45,finalMean,100,0.524966666666667,0.00743267500217727,0.510398623662399,0.539534709670934
sequence_mix,0,0.6,0.08,0.45,lossRate,100,0.00759493670886075,0.00100173109759882,0.00563154375756707,0.00955832966015444
sequence_mix,0,0.6,0.08,0.65,finalMean,100,0.633166666666667,0.00925343082551811,0.615029942248651,0.651303391084682
sequence_mix,0,0.6,0.08,0.65,lossRate,100,0.00772151898734177,0.00104746164267801,0.00566849416769287,0.00977454380699067
sequence_mix,0,0.6,0.08,0.8,finalMean,100,0.7532,0.00834926692212705,0.736835436832631,0.769564563167369
sequence_mix,0,0.6,0.08,0.8,lossRate,100,0.00721518987341772,0.000973128877665352,0.00530785727319363,0.00912252247364181
sequence_mix,0,0.6,0.08,0.92,finalMean,100,0.844933333333334,0.00790267397102118,0.829444092350132,0.860422574316535
sequence_mix,0,0.6,0.08,0.92,lossRate,100,0.00924050632911392,0.00112148576610903,0.00704239422754022,0.0114386184306876
sequence_mix,0,0.6,0.08,0.98,finalMean,100,0.890366666666667,0.00805534935298607,0.874578181934814,0.90615515139852
sequence_mix,0,0.6,0.08,0.98,lossRate,100,0.00658227848101266,0.000890176276447121,0.0048375329791763,0.00832702398284902
sequence_mix,0,0.6,0.15,0.45,finalMean,100,0.585433333333333,0.00664688225945396,0.572405444104804,0.598461222561863
sequence_mix,0,0.6,0.15,0.45,lossRate,100,0.00873417721518987,0.00101289793864039,0.0067488972554547,0.010719457174925
sequence_mix,0,0.6,0.15,0.65,finalMean,100,0.719633333333333,0.00677187936752791,0.706360449772979,0.732906216893688
sequence_mix,0,0.6,0.15,0.65,lossRate,100,0.00936708860759494,0.00105860475647624,0.0072922232849015,0.0114419539302884
sequence_mix,0,0.6,0.15,0.8,finalMean,100,0.827033333333333,0.00736325316651301,0.812601357126968,0.841465309539699
sequence_mix,0,0.6,0.15,0.8,lossRate,100,0.0081012658227848,0.000960826715149413,0.00621804546109195,0.00998448618447765
sequence_mix,0,0.6,0.15,0.92,finalMean,100,0.922933333333333,0.00572141898844176,0.911719352115987,0.934147314550679
sequence_mix,0,0.6,0.15,0.92,lossRate,100,0.00848101265822785,0.00106523467506723,0.00639315269509609,0.0105688726213596
sequence_mix,0,0.6,0.15,0.98,finalMean,100,0.9564,0.00460290251472318,0.947378311071143,0.965421688928858
sequence_mix,0,0.6,0.15,0.98,lossRate,100,0.00797468354430379,0.00101225858371562,0.00599065672022117,0.00995871036838641
sequence_mix,0.25,0,0,0.45,finalMean,100,0.0927375,0.00508134384192794,0.0827780660698213,0.102696933930179
sequence_mix,0.25,0,0,0.45,lossRate,100,0.0286075949367089,0.00168411573537219,0.0253067280953794,0.0319084617780384
sequence_mix,0.25,0,0,0.65,finalMean,100,0.197703333333333,0.00610648347743258,0.185734625717566,0.209672040949101
sequence_mix,0.25,0,0,0.65,lossRate,100,0.0163291139240506,0.00147591622815727,0.0134363181168624,0.0192219097312389
sequence_mix,0.25,0,0,0.8,finalMean,100,0.2983975,0.00660160474902472,0.285458354691911,0.311336645308088
sequence_mix,0.25,0,0,0.8,lossRate,100,0.00481012658227848,0.000779683068445057,0.00328194776812617,0.0063383053964308
sequence_mix,0.25,0,0,0.92,finalMean,100,0.339265833333333,0.00549559813839306,0.328494460982083,0.350037205684584
sequence_mix,0.25,0,0,0.92,lossRate,100,0.00215189873417722,0.000477879959580553,0.00121525401339933,0.0030885434549551
sequence_mix,0.25,0,0,0.98,finalMean,100,0.364195,0.0061450628513213,0.35215067681141,0.37623932318859
sequence_mix,0.25,0,0,0.98,lossRate,100,0.00126582278481013,0.00038165992984527,0.000517769322313397,0.00201387624730686
sequence_mix,0.25,0,0.03,0.45,finalMean,100,0.0951316666666667,0.00533001477404918,0.0846848377095303,0.105578495623803
sequence_mix,0.25,0,0.03,0.45,lossRate,100,0.0344303797468355,0.00190473415897848,0.0306971007952376,0.0381636586984333
sequence_mix,0.25,0,0.03,0.65,finalMean,100,0.201984166666667,0.00492223799718725,0.19233658019218,0.211631753141154
sequence_mix,0.25,0,0.03,0.65,lossRate,100,0.0213924050632911,0.00152340277999532,0.0184065356145003,0.024378274512082
sequence_mix,0.25,0,0.03,0.8,finalMean,100,0.328134166666667,0.00620420109638528,0.315973932517751,0.340294400815582
sequence_mix,0.25,0,0.03,0.8,lossRate,100,0.0113924050632911,0.00130361683682136,0.00883731606312127,0.013947494063461
sequence_mix,0.25,0,0.03,0.92,finalMean,100,0.453116666666667,0.0104903932323031,0.432555495931353,0.473677837401981
sequence_mix,0.25,0,0.03,0.92,lossRate,100,0.0121518987341772,0.00125838500169961,0.00968546413084598,0.0146183333375085
sequence_mix,0.25,0,0.03,0.98,finalMean,100,0.545533333333333,0.0101870084762272,0.525566796719928,0.565499869946739
sequence_mix,0.25,0,0.03,0.98,lossRate,100,0.00999999999999999,0.00112781782896934,0.0077894770552201,0.0122105229447799
sequence_mix,0.25,0,0.08,0.45,finalMean,100,0.115335833333333,0.00548552994684189,0.104584194637523,0.126087472029143
sequence_mix,0.25,0,0.08,0.45,lossRate,100,0.0317721518987342,0.00199126697130541,0.0278692686349756,0.0356750351624928
sequence_mix,0.25,0,0.08,0.65,finalMean,100,0.232193333333333,0.00520829096009699,0.221985083051543,0.242401583615124
sequence_mix,0.25,0,0.08,0.65,lossRate,100,0.0249367088607595,0.0019990545770728,0.0210185618896968,0.0288548558318222
sequence_mix,0.25,0,0.08,0.8,finalMean,100,0.381863333333333,0.00786226858380904,0.366453286909068,0.397273379757599
sequence_mix,0.25,0,0.08,0.8,lossRate,100,0.019746835443038,0.0015405703580362,0.016727317541287,0.0227663533447889
sequence_mix,0.25,0,0.08,0.92,finalMean,100,0.579660833333334,0.0123601182358598,0.555435001591048,0.603886665075619
sequence_mix,0.25,0,0.08,0.92,lossRate,100,0.0165822784810127,0.00144712373893813,0.0137459159526939,0.0194186410093314
sequence_mix,0.25,0,0.08,0.98,finalMean,100,0.719183333333334,0.0149305153628775,0.689919523222094,0.748447143444574
sequence_mix,0.25,0,0.08,0.98,lossRate,100,0.0164556962025316,0.00153193138072235,0.0134531106963158,0.0194582817087475
sequence_mix,0.25,0,0.15,0.45,finalMean,100,0.12965,0.00499008430369916,0.11986943476475,0.13943056523525
sequence_mix,0.25,0,0.15,0.45,lossRate,100,0.0364556962025317,0.00232697822397488,0.0318948188835409,0.0410165735215224
sequence_mix,0.25,0,0.15,0.65,finalMean,100,0.26532,0.00558724054452257,0.254369008532736,0.276270991467264
sequence_mix,0.25,0,0.15,0.65,lossRate,100,0.0254430379746836,0.00191671999700342,0.0216862667805569,0.0291998091688103
sequence_mix,0.25,0,0.15,0.8,finalMean,100,0.43291,0.00942032151593161,0.414446169828774,0.451373830171226
sequence_mix,0.25,0,0.15,0.8,lossRate,100,0.0246835443037975,0.00194088657582675,0.020879406615177,0.0284876819924179
sequence_mix,0.25,0,0.15,0.92,finalMean,100,0.675030833333333,0.0138890300323636,0.6478083344699,0.702253332196766
sequence_mix,0.25,0,0.15,0.92,lossRate,100,0.0208860759493671,0.00197396050614597,0.017017113357321,0.0247550385414132
sequence_mix,0.25,0,0.15,0.98,finalMean,100,0.890310833333334,0.0131189405260522,0.864597709902272,0.916023956764397
sequence_mix,0.25,0,0.15,0.98,lossRate,100,0.0130379746835443,0.00138728120023406,0.0103189035310855,0.0157570458360031
sequence_mix,0.25,0.6,0,0.45,finalMean,100,0.279985,0.00581914344102337,0.268579478855594,0.291390521144406
sequence_mix,0.25,0.6,0,0.45,lossRate,100,0.00620253164556962,0.000977112365760561,0.00428739140867892,0.00811767188246032
sequence_mix,0.25,0.6,0,0.65,finalMean,100,0.326804166666667,0.0062389950672086,0.314575736334938,0.339032596998395
sequence_mix,0.25,0.6,0,0.65,lossRate,100,0.00253164556962025,0.000539748649001545,0.00147373821757723,0.00358955292166328
sequence_mix,0.25,0.6,0,0.8,finalMean,100,0.347775,0.00614320184204083,0.3357343243896,0.3598156756104
sequence_mix,0.25,0.6,0,0.8,lossRate,100,0.00164556962025316,0.000427845150619786,0.000806993125038383,0.00248414611546795
sequence_mix,0.25,0.6,0,0.92,finalMean,100,0.35722,0.00562954038228921,0.346186100850713,0.368253899149287
sequence_mix,0.25,0.6,0,0.92,lossRate,100,0.00215189873417722,0.000510626184863838,0.00115107141184409,0.00315272605651034
sequence_mix,0.25,0.6,0,0.98,finalMean,100,0.370001666666667,0.00625468230668639,0.357742489345561,0.382260843987772
sequence_mix,0.25,0.6,0,0.98,lossRate,100,0.00139240506329114,0.000436829755951722,0.000536218741625764,0.00224859138495651
sequence_mix,0.25,0.6,0.03,0.45,finalMean,100,0.318416666666667,0.0057072376618111,0.307230480849517,0.329602852483817
sequence_mix,0.25,0.6,0.03,0.45,lossRate,100,0.0132911392405063,0.00127696160350727,0.0107882944976321,0.0157939839833806
sequence_mix,0.25,0.6,0.03,0.65,finalMean,100,0.39119,0.00722407348845195,0.377030815962634,0.405349184037366
sequence_mix,0.25,0.6,0.03,0.65,lossRate,100,0.00924050632911392,0.00103126682007414,0.00721922336176861,0.0112617892964592
sequence_mix,0.25,0.6,0.03,0.8,finalMean,100,0.4592775,0.00922637175836271,0.441193811353609,0.477361188646391
sequence_mix,0.25,0.6,0.03,0.8,lossRate,100,0.0135443037974683,0.00134943159324332,0.0108994178747114,0.0161891897202253
sequence_mix,0.25,0.6,0.03,0.92,finalMean,100,0.531183333333333,0.0118023324180033,0.508050761794047,0.55431590487262
sequence_mix,0.25,0.6,0.03,0.92,lossRate,100,0.0130379746835443,0.00117228911332689,0.0107402880214236,0.015335661345665
sequence_mix,0.25,0.6,0.03,0.98,finalMean,100,0.559686666666667,0.00890057345344808,0.542241542697909,0.577131790635425
sequence_mix,0.25,0.6,0.03,0.98,lossRate,100,0.010379746835443,0.00132675248846796,0.00777931195804584,0.0129801817128402
sequence_mix,0.25,0.6,0.08,0.45,finalMean,100,0.358904166666667,0.00701615873612433,0.345152495543863,0.37265583778947
sequence_mix,0.25,0.6,0.08,0.45,lossRate,100,0.0144303797468354,0.00150550208896905,0.0114795956524561,0.0173811638412148
sequence_mix,0.25,0.6,0.08,0.65,finalMean,100,0.464578333333333,0.0089178303954404,0.44709938575827,0.482057280908396
sequence_mix,0.25,0.6,0.08,0.65,lossRate,100,0.0175949367088608,0.00154659939508498,0.0145636018944942,0.0206262715232273
sequence_mix,0.25,0.6,0.08,0.8,finalMean,100,0.58001,0.0107040107601036,0.559030138910197,0.600989861089803
sequence_mix,0.25,0.6,0.08,0.8,lossRate,100,0.0151898734177215,0.0012721997661509,0.0126963618760658,0.0176833849593773
sequence_mix,0.25,0.6,0.08,0.92,finalMean,100,0.718396666666667,0.0160301707735151,0.686977531950577,0.749815801382756
sequence_mix,0.25,0.6,0.08,0.92,lossRate,100,0.0154430379746835,0.00146805458802953,0.0125656509821457,0.0183204249672214
sequence_mix,0.25,0.6,0.08,0.98,finalMean,100,0.78894,0.017027803527919,0.755565505085279,0.822314494914721
sequence_mix,0.25,0.6,0.08,0.98,lossRate,100,0.0115189873417722,0.00124772901323169,0.00907343847583804,0.0139645362077063
sequence_mix,0.25,0.6,0.15,0.45,finalMean,100,0.393230833333333,0.00770617754502837,0.378126725345078,0.408334941321589
sequence_mix,0.25,0.6,0.15,0.45,lossRate,100,0.0274683544303798,0.00192984779320977,0.0236858527556886,0.0312508561050709
sequence_mix,0.25,0.6,0.15,0.65,finalMean,100,0.5307325,0.0110433462794054,0.509087541292366,0.552377458707635
sequence_mix,0.25,0.6,0.15,0.65,lossRate,100,0.0234177215189873,0.0017935309690458,0.0199024008196576,0.0269330422183171
sequence_mix,0.25,0.6,0.15,0.8,finalMean,100,0.70408,0.0162130026433664,0.672302514819002,0.735857485180998
sequence_mix,0.25,0.6,0.15,0.8,lossRate,100,0.0177215189873418,0.00177196923090926,0.0142484592947596,0.0211945786799239
sequence_mix,0.25,0.6,0.15,0.92,finalMean,100,0.887468333333333,0.0117024664644857,0.864531499062941,0.910405167603725
sequence_mix,0.25,0.6,0.15,0.92,lossRate,100,0.0153164556962025,0.00182856313233477,0.0117324719568264,0.0189004394355787
sequence_mix,0.25,0.6,0.15,0.98,finalMean,100,0.934308333333333,0.010213391586776,0.914290085823252,0.954326580843414
sequence_mix,0.25,0.6,0.15,0.98,lossRate,100,0.0145569620253165,0.00140950318578236,0.011794335781183,0.0173195882694499
sequence_mix,0.5,0,0,0.45,finalMean,100,0.00879,0.00159545267809356,0.00566291275093662,0.0119170872490634
sequence_mix,0.5,0,0,0.45,lossRate,100,0.0565822784810127,0.00170165933004215,0.0532470261941301,0.0599175307678953
sequence_mix,0.5,0,0,0.65,finalMean,100,0.0720083333333333,0.00534595118043263,0.0615302690196854,0.0824863976469813
sequence_mix,0.5,0,0,0.65,lossRate,100,0.0351898734177215,0.00185741165858032,0.0315493465669041,0.038830400268539
sequence_mix,0.5,0,0,0.8,finalMean,100,0.158208333333333,0.00576493151090947,0.146909067571951,0.169507599094716
sequence_mix,0.5,0,0,0.8,lossRate,100,0.0146835443037975,0.00121653167193579,0.0122991422268033,0.0170679463807916
sequence_mix,0.5,0,0,0.92,finalMean,100,0.223676666666667,0.00414884526820219,0.21554492994099,0.231808403392343
sequence_mix,0.5,0,0,0.92,lossRate,100,0.00215189873417722,0.000477879959580553,0.00121525401339933,0.0030885434549551
sequence_mix,0.5,0,0,0.98,finalMean,100,0.245646666666667,0.00472357097791379,0.236388467549956,0.254904865783378
sequence_mix,0.5,0,0,0.98,lossRate,100,0.00177215189873418,0.000476693099590517,0.000837833423536765,0.00270647037393159
sequence_mix,0.5,0,0.03,0.45,finalMean,100,0.0134683333333333,0.00167574914985613,0.0101838649996153,0.0167528016670514
sequence_mix,0.5,0,0.03,0.45,lossRate,100,0.0670886075949368,0.00230053681586097,0.0625795554358493,0.0715976597540243
sequence_mix,0.5,0,0.03,0.65,finalMean,100,0.07336,0.00359347341418455,0.0663167921081983,0.0804032078918017
sequence_mix,0.5,0,0.03,0.65,lossRate,100,0.0429113924050633,0.00201871286310645,0.0389547151933747,0.0468680696167519
sequence_mix,0.5,0,0.03,0.8,finalMean,100,0.179681666666667,0.00633084928026467,0.167273202077348,0.192090131255985
sequence_mix,0.5,0,0.03,0.8,lossRate,100,0.0193670886075949,0.00157316130508634,0.0162836924496257,0.0224504847655642
sequence_mix,0.5,0,0.03,0.92,finalMean,100,0.27892,0.00901203630866697,0.261256408835013,0.296583591164987
sequence_mix,0.5,0,0.03,0.92,lossRate,100,0.0158227848101266,0.00139797331370479,0.0130827571152652,0.018562812504988
sequence_mix,0.5,0,0.03,0.98,finalMean,100,0.378685,0.0132897999111307,0.352636992174184,0.404733007825816
sequence_mix,0.5,0,0.03,0.98,lossRate,100,0.0143037974683544,0.00133010295579079,0.0116967956750045,0.0169107992617044
sequence_mix,0.5,0,0.08,0.45,finalMean,100,0.0196566666666667,0.00244364176444743,0.0148671288083497,0.0244462045249836
sequence_mix,0.5,0,0.08,0.45,lossRate,100,0.0727848101265823,0.002527646758769,0.0678306224793951,0.0777389977737696
sequence_mix,0.5,0,0.08,0.65,finalMean,100,0.0914033333333333,0.00456950818475085,0.0824470972912217,0.100359569375445
sequence_mix,0.5,0,0.08,0.65,lossRate,100,0.0469620253164557,0.00236160166561303,0.0423332860518542,0.0515907645810573
sequence_mix,0.5,0,0.08,0.8,finalMean,100,0.224798333333333,0.0082531184103993,0.208622221248951,0.240974445417716
sequence_mix,0.5,0,0.08,0.8,lossRate,100,0.0248101265822785,0.00173430273830655,0.0214108932151977,0.0282093599493593
sequence_mix,0.5,0,0.08,0.92,finalMean,100,0.37887,0.0144406732800498,0.350566280371102,0.407173719628898
sequence_mix,0.5,0,0.08,0.92,lossRate,100,0.0245569620253165,0.00196940468566128,0.0206969288414204,0.0284169952092126
sequence_mix,0.5,0,0.08,0.98,finalMean,100,0.578956666666667,0.0221530939460038,0.535536602532499,0.622376730800834
sequence_mix,0.5,0,0.08,0.98,lossRate,100,0.0211392405063291,0.00194654879074644,0.0173240048764661,0.0249544761361921
sequence_mix,0.5,0,0.15,0.45,finalMean,100,0.0312216666666667,0.00246995532773118,0.0263805542243136,0.0360627791090198
sequence_mix,0.5,0,0.15,0.45,lossRate,100,0.0762025316455696,0.00311613640155056,0.0700949042985305,0.0823101589926087
sequence_mix,0.5,0,0.15,0.65,finalMean,100,0.107576666666667,0.00588600244678776,0.0960401018709627,0.119113231462371
sequence_mix,0.5,0,0.15,0.65,lossRate,100,0.0508860759493672,0.00276380824216797,0.0454690117947179,0.0563031401040164
sequence_mix,0.5,0,0.15,0.8,finalMean,100,0.276261666666667,0.0128339368118637,0.251107150515414,0.301416182817919
sequence_mix,0.5,0,0.15,0.8,lossRate,100,0.0312658227848102,0.00202319765144569,0.0273003553879766,0.0352312901816437
sequence_mix,0.5,0,0.15,0.92,finalMean,100,0.522045,0.021276769875514,0.480342531043993,0.563747468956007
sequence_mix,0.5,0,0.15,0.92,lossRate,100,0.0221518987341772,0.00196574419366411,0.0182990401145956,0.0260047573537589
sequence_mix,0.5,0,0.15,0.98,finalMean,100,0.784883333333333,0.0212166665344199,0.743298666925871,0.826467999740796
sequence_mix,0.5,0,0.15,0.98,lossRate,100,0.0172151898734177,0.00167351097419118,0.013935108364003,0.0204952713828324
sequence_mix,0.5,0.6,0,0.45,finalMean,100,0.141886666666667,0.00497574581993961,0.132134204859585,0.151639128473748
sequence_mix,0.5,0.6,0,0.45,lossRate,100,0.0170886075949367,0.00122521490246908,0.0146871863860973,0.0194900288037761
sequence_mix,0.5,0.6,0,0.65,finalMean,100,0.196225,0.00523588604397998,0.185962663353799,0.206487336646201
sequence_mix,0.5,0.6,0,0.65,lossRate,100,0.00658227848101266,0.000925825843746564,0.00476765982726939,0.00839689713475592
sequence_mix,0.5,0.6,0,0.8,finalMean,100,0.224263333333333,0.00458990021140082,0.215267128918988,0.233259537747679
sequence_mix,0.5,0.6,0,0.8,lossRate,100,0.00303797468354431,0.000626356543980059,0.00181031585734339,0.00426563350974522
sequence_mix,0.5,0.6,0,0.92,finalMean,100,0.241518333333333,0.00418340469374525,0.233318860133593,0.249717806533074
sequence_mix,0.5,0.6,0,0.92,lossRate,100,0.00164556962025316,0.000427845150619786,0.000806993125038384,0.00248414611546795
sequence_mix,0.5,0.6,0,0.98,finalMean,100,0.25321,0.00522715628719187,0.242964773677104,0.263455226322896
sequence_mix,0.5,0.6,0,0.98,lossRate,100,0.00113924050632911,0.000364080368689445,0.000425642983697802,0.00185283802896043
sequence_mix,0.5,0.6,0.03,0.45,finalMean,100,0.157426666666667,0.00515208832818442,0.147328573543425,0.167524759789908
sequence_mix,0.5,0.6,0.03,0.45,lossRate,100,0.0217721518987342,0.00149536245963455,0.0188412414778505,0.0247030623196179
sequence_mix,0.5,0.6,0.03,0.65,finalMean,100,0.23486,0.00722616819941524,0.220696710329146,0.249023289670854
sequence_mix,0.5,0.6,0.03,0.65,lossRate,100,0.0148101265822785,0.00118054380357727,0.012496260727267,0.0171239924372899
sequence_mix,0.5,0.6,0.03,0.8,finalMean,100,0.298376666666667,0.00942995341645907,0.279893957970407,0.316859375362927
sequence_mix,0.5,0.6,0.03,0.8,lossRate,100,0.0143037974683544,0.0014127146871547,0.0115348766815312,0.0170727182551776
sequence_mix,0.5,0.6,0.03,0.92,finalMean,100,0.351101666666667,0.0131107973543609,0.32540450385212,0.376798829481214
sequence_mix,0.5,0.6,0.03,0.92,lossRate,100,0.0154430379746835,0.00148994092608879,0.0125227537595495,0.0183633221898176
sequence_mix,0.5,0.6,0.03,0.98,finalMean,100,0.395403333333333,0.0130656219906381,0.369794714231683,0.421011952434984
sequence_mix,0.5,0.6,0.03,0.98,lossRate,100,0.0134177215189873,0.00136807325538932,0.0107362979384243,0.0160991450995504
sequence_mix,0.5,0.6,0.08,0.45,finalMean,100,0.176275,0.00509267391272691,0.166293359131055,0.186256640868945
sequence_mix,0.5,0.6,0.08,0.45,lossRate,100,0.0326582278481013,0.00221216481121211,0.0283223848181255,0.036994070878077
sequence_mix,0.5,0.6,0.08,0.65,finalMean,100,0.295761666666667,0.0108675642187318,0.274461240797952,0.317062092535381
sequence_mix,0.5,0.6,0.08,0.65,lossRate,100,0.0239240506329114,0.00165772071917317,0.020674918023332,0.0271731832424908
sequence_mix,0.5,0.6,0.08,0.8,finalMean,100,0.39526,0.0152660302530077,0.365338580704105,0.425181419295895
sequence_mix,0.5,0.6,0.08,0.8,lossRate,100,0.0220253164556962,0.00180473094776666,0.0184880437980736,0.0255625891133189
sequence_mix,0.5,0.6,0.08,0.92,finalMean,100,0.562841666666667,0.0228712255783477,0.518014064533105,0.607669268800228
sequence_mix,0.5,0.6,0.08,0.92,lossRate,100,0.0212658227848101,0.00205041348405571,0.0172470123560609,0.0252846332135593
sequence_mix,0.5,0.6,0.08,0.98,finalMean,100,0.612926666666667,0.0252654738975591,0.563406337827451,0.662446995505882
sequence_mix,0.5,0.6,0.08,0.98,lossRate,100,0.0181012658227848,0.00183704060380761,0.0145006662393219,0.0217018654062477
sequence_mix,0.5,0.6,0.15,0.45,finalMean,100,0.22914,0.00776936367386321,0.213912047199228,0.244367952800772
sequence_mix,0.5,0.6,0.15,0.45,lossRate,100,0.0335443037974684,0.00207001406242148,0.0294870762351223,0.0376015313598145
sequence_mix,0.5,0.6,0.15,0.65,finalMean,100,0.346441666666667,0.0134535027450516,0.320072801286366,0.372810532046968
sequence_mix,0.5,0.6,0.15,0.65,lossRate,100,0.0311392405063291,0.00218448221213667,0.0268576553705413,0.035420825642117
sequence_mix,0.5,0.6,0.15,0.8,finalMean,100,0.528996666666667,0.0214427321737505,0.486968911606116,0.571024421727218
sequence_mix,0.5,0.6,0.15,0.8,lossRate,100,0.0229113924050633,0.00168483635659244,0.0196091131461421,0.0262136716639845
sequence_mix,0.5,0.6,0.15,0.92,finalMean,100,0.723536666666666,0.0218724315894773,0.680666700751291,0.766406632582042
sequence_mix,0.5,0.6,0.15,0.92,lossRate,100,0.0213924050632911,0.00190995279287026,0.0176488975892654,0.0251359125373168
sequence_mix,0.5,0.6,0.15,0.98,finalMean,100,0.850501666666667,0.0206989302974854,0.809931763283595,0.891071570049738
sequence_mix,0.5,0.6,0.15,0.98,lossRate,100,0.019620253164557,0.00195749339463107,0.0157835661110801,0.0234569402180339
sequence_mix,0.75,0,0,0.45,finalMean,100,6.5e-05,6.49999999999998e-05,-6.23999999999997e-05,0.0001924
sequence_mix,0.75,0,0,0.45,lossRate,100,0.0572151898734178,0.00144471713464774,0.0543835442895082,0.0600468354573274
sequence_mix,0.75,0,0,0.65,finalMean,100,0.0149425,0.003841733530499,0.00741270228022197,0.022472297719778
sequence_mix,0.75,0,0,0.65,lossRate,100,0.0525316455696203,0.00192413643238329,0.048760338162149,0.0563029529770915
sequence_mix,0.75,0,0,0.8,finalMean,100,0.0453558333333333,0.00486325751386703,0.035823848606154,0.0548878180605127
sequence_mix,0.75,0,0,0.8,lossRate,100,0.0386075949367089,0.00195749339463107,0.034770907883232,0.0424442819901858
sequence_mix,0.75,0,0,0.92,finalMean,100,0.10237,0.00388081978883915,0.0947635932138752,0.109976406786125
sequence_mix,0.75,0,0,0.92,lossRate,100,0.00924050632911392,0.00101545133280032,0.0072502217168253,0.0112307909414025
sequence_mix,0.75,0,0,0.98,finalMean,100,0.1310725,0.00407924873955741,0.123077172470467,0.139067827529533
sequence_mix,0.75,0,0,0.98,lossRate,100,0.00417721518987342,0.000698088830284382,0.00280896108251603,0.00554546929723081
sequence_mix,0.75,0,0.03,0.45,finalMean,100,0.000884166666666667,0.000166067504664517,0.000558674357524213,0.00120965897580912
sequence_mix,0.75,0,0.03,0.45,lossRate,100,0.0956962025316456,0.00210063258490216,0.0915789626652374,0.0998134423980538
sequence_mix,0.75,0,0.03,0.65,finalMean,100,0.00922666666666667,0.00215951489959464,0.00499401746346117,0.0134593158698722
sequence_mix,0.75,0,0.03,0.65,lossRate,100,0.0789873417721519,0.002862421202594,0.0733769962150676,0.0845976873292361
sequence_mix,0.75,0,0.03,0.8,finalMean,100,0.0618775000000001,0.0058974111022579,0.0503185742395746,0.0734364257604256
sequence_mix,0.75,0,0.03,0.8,lossRate,100,0.0418987341772152,0.00249101132435886,0.0370163519814718,0.0467811163729586
sequence_mix,0.75,0,0.03,0.92,finalMean,100,0.125246666666667,0.00787916475659089,0.109803503743749,0.140689829589585
sequence_mix,0.75,0,0.03,0.92,lossRate,100,0.0248101265822785,0.00162841570067315,0.0216184318089591,0.0280018213555979
sequence_mix,0.75,0,0.03,0.98,finalMean,100,0.208189166666667,0.0139107588346798,0.180924079350694,0.235454253982639
sequence_mix,0.75,0,0.03,0.98,lossRate,100,0.0217721518987342,0.00182665913959898,0.0181918999851202,0.0253524038123482
sequence_mix,0.75,0,0.08,0.45,finalMean,100,0.00209833333333333,0.000201646491463752,0.00170310621006438,0.00249356045660229
sequence_mix,0.75,0,0.08,0.45,lossRate,100,0.110632911392405,0.00257361956462394,0.105588617045742,0.115677205739068
sequence_mix,0.75,0,0.08,0.65,finalMean,100,0.0173966666666667,0.00299657425054966,0.0115233811355893,0.023269952197744
sequence_mix,0.75,0,0.08,0.65,lossRate,100,0.0755696202531645,0.00290359913786328,0.0698785659429525,0.0812606745633766
sequence_mix,0.75,0,0.08,0.8,finalMean,100,0.0748466666666667,0.00659890847349214,0.0619128060586221,0.0877805272747113
sequence_mix,0.75,0,0.08,0.8,lossRate,100,0.0536708860759494,0.00266931644046999,0.0484390258526282,0.0589027462992706
sequence_mix,0.75,0,0.08,0.92,finalMean,100,0.176743333333333,0.0108497788073467,0.155477766870934,0.198008899795733
sequence_mix,0.75,0,0.08,0.92,lossRate,100,0.0382278481012659,0.00236629156504068,0.0335899166337861,0.0428657795687456
sequence_mix,0.75,0,0.08,0.98,finalMean,100,0.3233375,0.0202447912955448,0.283657709060732,0.363017290939268
sequence_mix,0.75,0,0.08,0.98,lossRate,100,0.0307594936708861,0.00218325937779574,0.0264803052904064,0.0350386820513657
sequence_mix,0.75,0,0.15,0.45,finalMean,100,0.00462333333333334,0.000563447082732071,0.00351897705117848,0.0057276896154882
sequence_mix,0.75,0,0.15,0.45,lossRate,100,0.111392405063291,0.00267464684077642,0.106150097255369,0.116634712871213
sequence_mix,0.75,0,0.15,0.65,finalMean,100,0.0278533333333333,0.00456499716343093,0.0189059388930087,0.036800727773658
sequence_mix,0.75,0,0.15,0.65,lossRate,100,0.0862025316455696,0.00377264614736876,0.0788081451967268,0.0935969180944124
sequence_mix,0.75,0,0.15,0.8,finalMean,100,0.118451666666667,0.0112388461467554,0.0964235282190262,0.140479805114307
sequence_mix,0.75,0,0.15,0.8,lossRate,100,0.0560759493670887,0.00343378477106658,0.0493457312157982,0.0628061675183792
sequence_mix,0.75,0,0.15,0.92,finalMean,100,0.2836,0.0216270239511396,0.241211033055766,0.325988966944233
sequence_mix,0.75,0,0.15,0.92,lossRate,100,0.04,0.00277397900669803,0.0345630011468719,0.0454369988531282
sequence_mix,0.75,0,0.15,0.98,finalMean,100,0.603113333333333,0.0283164944892041,0.547613004134493,0.658613662532173
sequence_mix,0.75,0,0.15,0.98,lossRate,100,0.0272151898734177,0.00196574419366411,0.0233623312538361,0.0310680484929994
sequence_mix,0.75,0.6,0,0.45,finalMean,100,0.0405933333333333,0.00451888220786178,0.0317363242059243,0.0494503424607424
sequence_mix,0.75,0.6,0,0.45,lossRate,100,0.0389873417721519,0.00208019250700916,0.034910164458414,0.0430645190858899
sequence_mix,0.75,0.6,0,0.65,finalMean,100,0.0692275,0.00500649744148479,0.0594147650146898,0.0790402349853102
sequence_mix,0.75,0.6,0,0.65,lossRate,100,0.0256962025316456,0.00174856904353787,0.0222690072063114,0.0291233978569798
sequence_mix,0.75,0.6,0,0.8,finalMean,100,0.0975766666666667,0.00423728435152107,0.0892715893376854,0.105881743995648
sequence_mix,0.75,0.6,0,0.8,lossRate,100,0.0120253164556962,0.0011432114799253,0.00978462195504262,0.0142660109563498
sequence_mix,0.75,0.6,0,0.92,finalMean,100,0.124944166666667,0.00369512184398826,0.11770172785245,0.132186605480884
sequence_mix,0.75,0.6,0,0.92,lossRate,100,0.0039240506329114,0.000689691866563509,0.00257225457444692,0.00527584669137587
sequence_mix,0.75,0.6,0,0.98,finalMean,100,0.137843333333333,0.00490311767786201,0.128233222684724,0.147453443981943
sequence_mix,0.75,0.6,0,0.98,lossRate,100,0.00341772151898734,0.000645069264643777,0.00215338576028554,0.00468205727768915
sequence_mix,0.75,0.6,0.03,0.45,finalMean,100,0.0453008333333334,0.00456350330588677,0.0363563668537953,0.0542452998128714
sequence_mix,0.75,0.6,0.03,0.45,lossRate,100,0.0481012658227848,0.00247997389723738,0.0432405169841996,0.0529620146613701
sequence_mix,0.75,0.6,0.03,0.65,finalMean,100,0.0930683333333333,0.00719073598700386,0.0789744907988058,0.107162175867861
sequence_mix,0.75,0.6,0.03,0.65,lossRate,100,0.0373417721518987,0.00235528812881107,0.0327254074194291,0.0419581368843684
sequence_mix,0.75,0.6,0.03,0.8,finalMean,100,0.1314,0.00834877424687988,0.115036402476115,0.147763597523885
sequence_mix,0.75,0.6,0.03,0.8,lossRate,100,0.0268354430379747,0.00202978665353228,0.0228570611970514,0.030813824878898
sequence_mix,0.75,0.6,0.03,0.92,finalMean,100,0.188398333333333,0.00791954542555788,0.17287602429924,0.203920642367427
sequence_mix,0.75,0.6,0.03,0.92,lossRate,100,0.019873417721519,0.00168060430105951,0.0165794332914423,0.0231674021515956
sequence_mix,0.75,0.6,0.03,0.98,finalMean,100,0.2156325,0.0144931514214231,0.187225923214011,0.244039076785989
sequence_mix,0.75,0.6,0.03,0.98,lossRate,100,0.02,0.00169904172055074,0.0166698782277205,0.0233301217722795
sequence_mix,0.75,0.6,0.08,0.45,finalMean,100,0.0565066666666667,0.00511184923853257,0.0464874421591429,0.0665258911741905
sequence_mix,0.75,0.6,0.08,0.45,lossRate,100,0.059367088607595,0.00277966187303039,0.0539189513364554,0.0648152258787345
sequence_mix,0.75,0.6,0.08,0.65,finalMean,100,0.141648333333333,0.0102238999762276,0.121609489379927,0.161687177286739
sequence_mix,0.75,0.6,0.08,0.65,lossRate,100,0.039873417721519,0.002527646758769,0.0349192300743318,0.0448276053687062
sequence_mix,0.75,0.6,0.08,0.8,finalMean,100,0.201876666666667,0.0160689595091964,0.170381506028642,0.233371827304692
sequence_mix,0.75,0.6,0.08,0.8,lossRate,100,0.0340506329113924,0.00214918938625463,0.0298382217143334,0.0382630441084515
sequence_mix,0.75,0.6,0.08,0.92,finalMean,100,0.309696666666667,0.0222071251912367,0.266170701291843,0.353222632041491
sequence_mix,0.75,0.6,0.08,0.92,lossRate,100,0.0293670886075949,0.00228911128877429,0.0248804304815973,0.0338537467335926
sequence_mix,0.75,0.6,0.08,0.98,finalMean,100,0.382286666666667,0.0268979249655489,0.329566733734191,0.435006599599143
sequence_mix,0.75,0.6,0.08,0.98,lossRate,100,0.030379746835443,0.00216647813524249,0.0261334496903678,0.0346260439805183
sequence_mix,0.75,0.6,0.15,0.45,finalMean,100,0.0746066666666667,0.0067811625386789,0.061315588090856,0.0878977452424773
sequence_mix,0.75,0.6,0.15,0.45,lossRate,100,0.0663291139240507,0.0030697734846818,0.0603123578940744,0.072345869954027
sequence_mix,0.75,0.6,0.15,0.65,finalMean,100,0.173959166666667,0.014967194321488,0.14462346579655,0.203294867536783
sequence_mix,0.75,0.6,0.15,0.65,lossRate,100,0.0530379746835444,0.00323196335065381,0.0467033265162629,0.0593726228508258
sequence_mix,0.75,0.6,0.15,0.8,finalMean,100,0.329978333333333,0.0226272209077938,0.285628980354057,0.374327686312609
sequence_mix,0.75,0.6,0.15,0.8,lossRate,100,0.040126582278481,0.00265676617895612,0.034919320567727,0.045333843989235
sequence_mix,0.75,0.6,0.15,0.92,finalMean,100,0.514823333333333,0.0303842918032301,0.455270121399002,0.574376545267664
sequence_mix,0.75,0.6,0.15,0.92,lossRate,100,0.0318987341772152,0.00239687297803454,0.0272008631402675,0.0365966052141629
sequence_mix,0.75,0.6,0.15,0.98,finalMean,100,0.597145833333333,0.0305525780086195,0.537262780436439,0.657028886230228
sequence_mix,0.75,0.6,0.15,0.98,lossRate,100,0.030379746835443,0.00236642835676059,0.0257415472561923,0.0350179464146938
sequence_mix,1,0,0,0.45,finalMean,100,0,0,0,0
sequence_mix,1,0,0,0.45,lossRate,100,0.0182278481012658,0.000748762788649424,0.016760273035513,0.0196954231670187
sequence_mix,1,0,0,0.65,finalMean,100,0.00542,0.00231061387424854,0.00089119680647287,0.00994880319352713
sequence_mix,1,0,0,0.65,lossRate,100,0.0179746835443038,0.000937983147172144,0.0161362365758464,0.0198131305127612
sequence_mix,1,0,0,0.8,finalMean,100,0.00973333333333334,0.00359398424918494,0.00268912420493085,0.0167775424617358
sequence_mix,1,0,0,0.8,lossRate,100,0.0155696202531646,0.000999385593445318,0.0136108244900117,0.0175284160163174
sequence_mix,1,0,0,0.92,finalMean,100,0.02378,0.00363840106221982,0.0166487339180492,0.0309112660819508
sequence_mix,1,0,0,0.92,lossRate,100,0.00759493670886076,0.000881405852940242,0.00586738123709789,0.00932249218062363
sequence_mix,1,0,0,0.98,finalMean,100,0.0342933333333333,0.00406014070402442,0.0263354575534455,0.0422512091132212
sequence_mix,1,0,0,0.98,lossRate,100,0.00468354430379747,0.000688752551362143,0.00333358930312767,0.00603349930446727
sequence_mix,1,0,0.03,0.45,finalMean,100,6.66666666666667e-06,4.69017647120966e-06,-2.52607921690427e-06,1.58594125502376e-05
sequence_mix,1,0,0.03,0.45,lossRate,100,0.0291139240506329,0.00131597367076398,0.0265346156559355,0.0316932324453303
sequence_mix,1,0,0.03,0.65,finalMean,100,4.66666666666667e-05,2.06624303250132e-05,6.16830322964071e-06,8.71650301036926e-05
sequence_mix,1,0,0.03,0.65,lossRate,100,0.029873417721519,0.00114526246570097,0.0276287032887451,0.0321181321542929
sequence_mix,1,0,0.03,0.8,finalMean,100,0.0140866666666667,0.00365335391623389,0.00692609299084824,0.0212472403424851
sequence_mix,1,0,0.03,0.8,lossRate,100,0.0229113924050633,0.00166551309172156,0.019646986745289,0.0261757980648376
sequence_mix,1,0,0.03,0.92,finalMean,100,0.0315766666666667,0.00638195206196444,0.0190680406252164,0.044085292708117
sequence_mix,1,0,0.03,0.92,lossRate,100,0.0115189873417721,0.00124772901323169,0.00907343847583804,0.0139645362077063
sequence_mix,1,0,0.03,0.98,finalMean,100,0.0700066666666666,0.0113088257301074,0.0478413682356561,0.0921719650976772
sequence_mix,1,0,0.03,0.98,lossRate,100,0.00784810126582278,0.000913506760521845,0.00605762801519996,0.0096385745164456
sequence_mix,1,0,0.08,0.45,finalMean,100,2.66666666666667e-05,1.12914655454401e-05,4.5353941976041e-06,4.87979391357292e-05
sequence_mix,1,0,0.08,0.45,lossRate,100,0.0473417721518988,0.0017684949573655,0.0438755220354624,0.0508080222683352
sequence_mix,1,0,0.08,0.65,finalMean,100,0.00177333333333333,0.00131271841216219,-0.000799594754504565,0.00434626142117123
sequence_mix,1,0,0.08,0.65,lossRate,100,0.0378481012658228,0.00179461352895669,0.0343306587490677,0.0413655437825779
sequence_mix,1,0,0.08,0.8,finalMean,100,0.0211233333333333,0.00646682053168333,0.008448365091234,0.0337983015754327
sequence_mix,1,0,0.08,0.8,lossRate,100,0.0291139240506329,0.00199130761065093,0.0252109611337571,0.0330168869675087
sequence_mix,1,0,0.08,0.92,finalMean,100,0.0582933333333333,0.00895667622133246,0.0407382479395217,0.075848418727145
sequence_mix,1,0,0.08,0.92,lossRate,100,0.0158227848101266,0.00147679324894515,0.0129282700421941,0.0187172995780591
sequence_mix,1,0,0.08,0.98,finalMean,100,0.101863333333333,0.0148983281513715,0.0726626101566452,0.131064056510021
sequence_mix,1,0,0.08,0.98,lossRate,100,0.0126582278481013,0.00159913030960306,0.00952393244127928,0.0157925232549233
sequence_mix,1,0,0.15,0.45,finalMean,100,0.00012,2.94048714441411e-05,6.23664519694834e-05,0.000177633548030517
sequence_mix,1,0,0.15,0.45,lossRate,100,0.0573417721518988,0.00187367860867796,0.05366936207889,0.0610141822249076
sequence_mix,1,0,0.15,0.65,finalMean,100,0.00293,0.00205242346691468,-0.00109274999515278,0.00695274999515278
sequence_mix,1,0,0.15,0.65,lossRate,100,0.0487341772151899,0.00192413643238329,0.0449628698077187,0.0525054846226612
sequence_mix,1,0,0.15,0.8,finalMean,100,0.0235866666666667,0.00646449010543232,0.0109162660600193,0.036257067273314
sequence_mix,1,0,0.15,0.8,lossRate,100,0.0387341772151899,0.00228868702572018,0.0342483506447783,0.0432200037856014
sequence_mix,1,0,0.15,0.92,finalMean,100,0.0924333333333334,0.017403677191846,0.0583221260373153,0.126544540629351
sequence_mix,1,0,0.15,0.92,lossRate,100,0.0236708860759494,0.00182288958200929,0.0200980224952112,0.0272437496566876
sequence_mix,1,0,0.15,0.98,finalMean,100,0.263303333333333,0.0274599445432978,0.20948184202847,0.317124824638197
sequence_mix,1,0,0.15,0.98,lossRate,100,0.0145569620253165,0.00167210805668409,0.0112796302342156,0.0178342938164173
sequence_mix,1,0.6,0,0.45,finalMean,100,0.0097,0.00316314885235857,0.0035002282493772,0.0158997717506228
sequence_mix,1,0.6,0,0.45,lossRate,100,0.0155696202531646,0.000949558860569678,0.013708484886448,0.0174307556198811
sequence_mix,1,0.6,0,0.65,finalMean,100,0.0139733333333333,0.00374721649032515,0.00662878901229604,0.0213178776543706
sequence_mix,1,0.6,0,0.65,lossRate,100,0.0140506329113924,0.00101608867874902,0.0120590991010443,0.0160421667217405
sequence_mix,1,0.6,0,0.8,finalMean,100,0.02399,0.00362262641049126,0.0168896522354371,0.0310903477645629
sequence_mix,1,0.6,0,0.8,lossRate,100,0.00746835443037974,0.000845701911469419,0.00581077868389968,0.00912593017685981
sequence_mix,1,0.6,0,0.92,finalMean,100,0.0291033333333333,0.00387182894398664,0.0215145486031195,0.0366921180635471
sequence_mix,1,0.6,0,0.92,lossRate,100,0.00607594936708861,0.00079408096479504,0.00451955067609033,0.00763234805808689
sequence_mix,1,0.6,0,0.98,finalMean,100,0.0376066666666667,0.00483741817402092,0.0281253270455857,0.0470880062877477
sequence_mix,1,0.6,0,0.98,lossRate,100,0.00443037974683545,0.000705468897497105,0.00304766070774112,0.00581309878592977
sequence_mix,1,0.6,0.03,0.45,finalMean,100,0.00592666666666667,0.00264482460555778,0.00074281043977342,0.0111105228935599
sequence_mix,1,0.6,0.03,0.45,lossRate,100,0.0240506329113924,0.00118662894501404,0.0217248401791649,0.0263764256436199
sequence_mix,1,0.6,0.03,0.65,finalMean,100,0.02339,0.00522011359750143,0.0131585773488972,0.0336214226511028
sequence_mix,1,0.6,0.03,0.65,lossRate,100,0.0149367088607595,0.00143234101028872,0.0121293204805936,0.0177440972409254
sequence_mix,1,0.6,0.03,0.8,finalMean,100,0.0430066666666667,0.0080471882423804,0.0272341777116011,0.0587791556217322
sequence_mix,1,0.6,0.03,0.8,lossRate,100,0.0113924050632911,0.00131597367076398,0.00881309666859374,0.0139717134579885
sequence_mix,1,0.6,0.03,0.92,finalMean,100,0.05181,0.00690192194153869,0.0382822329945842,0.0653377670054158
sequence_mix,1,0.6,0.03,0.92,lossRate,100,0.00936708860759493,0.00101169881671101,0.00738415892684135,0.0113500182883485
sequence_mix,1,0.6,0.03,0.98,finalMean,100,0.0620433333333333,0.00799250582625474,0.046378021913874,0.0777086447527926
sequence_mix,1,0.6,0.03,0.98,lossRate,100,0.00949367088607595,0.00119850401227219,0.00714460302202245,0.0118427387501294
sequence_mix,1,0.6,0.08,0.45,finalMean,100,0.00745333333333333,0.00260592228902379,0.00234572564684671,0.01256094101982
sequence_mix,1,0.6,0.08,0.45,lossRate,100,0.0310126582278481,0.00155161438973386,0.0279714940239697,0.0340538224317265
sequence_mix,1,0.6,0.08,0.65,finalMean,100,0.0347166666666667,0.00694427615957714,0.0211058853938955,0.0483274479394379
sequence_mix,1,0.6,0.08,0.65,lossRate,100,0.0210126582278481,0.00182789917407018,0.0174299758466705,0.0245953406090257
sequence_mix,1,0.6,0.08,0.8,finalMean,100,0.0585966666666667,0.0108658902606277,0.0372995217558363,0.079893811577497
sequence_mix,1,0.6,0.08,0.8,lossRate,100,0.0187341772151899,0.00165366396137261,0.0154929958508996,0.0219753585794802
sequence_mix,1,0.6,0.08,0.92,finalMean,100,0.132303333333333,0.0181682151720106,0.0966936315961926,0.167913035070474
sequence_mix,1,0.6,0.08,0.92,lossRate,100,0.0127848101265823,0.00153187855459152,0.0097823281595829,0.0157872920935816
sequence_mix,1,0.6,0.08,0.98,finalMean,100,0.118036666666667,0.0183460004571069,0.0820785057707372,0.153994827562596
sequence_mix,1,0.6,0.08,0.98,lossRate,100,0.0151898734177215,0.0015581201389789,0.0121359579453229,0.0182437888901202
sequence_mix,1,0.6,0.15,0.45,finalMean,100,0.0139866666666667,0.00481392462115236,0.00455137440920803,0.0234219589241253
sequence_mix,1,0.6,0.15,0.45,lossRate,100,0.0424050632911393,0.00225703441292327,0.0379812758418097,0.0468288507404689
sequence_mix,1,0.6,0.15,0.65,finalMean,100,0.0624866666666667,0.0119473662576246,0.0390698288017224,0.0859035045316109
sequence_mix,1,0.6,0.15,0.65,lossRate,100,0.0279746835443038,0.00223483896932827,0.0235943991644204,0.0323549679241872
sequence_mix,1,0.6,0.15,0.8,finalMean,100,0.0938166666666667,0.0174941640902505,0.0595281050497757,0.128105228283558
sequence_mix,1,0.6,0.15,0.8,lossRate,100,0.0213924050632911,0.00207251455217826,0.0173302765410218,0.0254545335855605
sequence_mix,1,0.6,0.15,0.92,finalMean,100,0.177456666666667,0.0236120903682847,0.131176969544829,0.223736363788505
sequence_mix,1,0.6,0.15,0.92,lossRate,100,0.0177215189873418,0.00215899459600618,0.0134898895791697,0.0219531483955139
sequence_mix,1,0.6,0.15,0.98,finalMean,100,0.2408,0.0282857794636337,0.185359872251278,0.296240127748722
sequence_mix,1,0.6,0.15,0.98,lossRate,100,0.0151898734177215,0.00160921955990817,0.0120358030803015,0.0183439437551415
