Task,Tau,Mu,Phi,Control,Metric,N,Mean,SE,CI_Low,CI_High,DeltaN,DeltaVsBaseline,DeltaSE,DeltaCI_Low,DeltaCI_High
smooth,0,0.15,0.98,baseline,finalMean,100,0.939266666666666,0.00557845382035325,0.928332897178774,0.950200436154559,NaN,NaN,NaN,NaN,NaN
smooth,0,0.15,0.98,baseline,lossRate,100,0.00873417721518987,0.00117559794487772,0.00643000524322953,0.0110383491871502,NaN,NaN,NaN,NaN,NaN
smooth,0,0.15,0.98,baseline,bestFunctionalLineageDepth,100,5.25,0.0845367650579595,5.0843079404864,5.4156920595136,NaN,NaN,NaN,NaN,NaN
smooth,0,0.15,0.98,baseline,bestStructuralLineageDepth,100,5.25,0.0845367650579595,5.0843079404864,5.4156920595136,NaN,NaN,NaN,NaN,NaN
smooth,0,0.15,0.98,baseline,finalMeanComponentAccuracy,100,0.939266666666666,0.00557845382035325,0.928332897178774,0.950200436154559,NaN,NaN,NaN,NaN,NaN
smooth,0,0.15,0.98,baseline,finalExactTargetFraction,100,0.523666666666667,0.0360673238798202,0.452974711862219,0.594358621471114,NaN,NaN,NaN,NaN,NaN
smooth,0,0.15,0.98,random_demonstrator,finalMean,100,0.8653,0.00822851179041951,0.849172116890778,0.881427883109222,100,-0.0739666666666667,0.0070868739418107,-0.0878569395926156,-0.0600763937407177
smooth,0,0.15,0.98,random_demonstrator,lossRate,100,0.0135443037974684,0.00148640632521591,0.0106309474000452,0.0164576601948915,100,0.00481012658227848,0.00169522707334801,0.00148748151851637,0.00813277164604059
smooth,0,0.15,0.98,random_demonstrator,bestFunctionalLineageDepth,100,4.87,0.0917341349506906,4.69020109549665,5.04979890450335,100,-0.38,0.0907655432330124,-0.557900464736704,-0.202099535263296
smooth,0,0.15,0.98,random_demonstrator,bestStructuralLineageDepth,100,4.87,0.0917341349506906,4.69020109549665,5.04979890450335,100,-0.38,0.0907655432330124,-0.557900464736704,-0.202099535263296
smooth,0,0.15,0.98,random_demonstrator,finalMeanComponentAccuracy,100,0.8653,0.00822851179041951,0.849172116890778,0.881427883109222,100,-0.0739666666666667,0.0070868739418107,-0.0878569395926156,-0.0600763937407177
smooth,0,0.15,0.98,random_demonstrator,finalExactTargetFraction,100,0.179666666666667,0.0300724713875254,0.120724622747117,0.238608710586216,100,-0.344,0.0373231106735214,-0.417153296920102,-0.270846703079898
smooth,0,0.15,0.98,random_copy_error,finalMean,100,0.971533333333333,0.0023576986629783,0.966912243953896,0.976154422712771,100,0.0322666666666667,0.00538899406332855,0.0217042383025427,0.0428290950307907
smooth,0,0.15,0.98,random_copy_error,lossRate,100,0.00607594936708861,0.000993293950725862,0.00412909322366592,0.0080228055105113,100,-0.00265822784810127,0.00137368122518981,-0.00535064304947329,3.41873532707601e-05
smooth,0,0.15,0.98,random_copy_error,bestFunctionalLineageDepth,100,5.51,0.0893240610294218,5.33492484038233,5.68507515961767,100,0.26,0.0733333333333333,0.116266666666667,0.403733333333333
smooth,0,0.15,0.98,random_copy_error,bestStructuralLineageDepth,100,5.51,0.0893240610294218,5.33492484038233,5.68507515961767,100,0.26,0.0733333333333333,0.116266666666667,0.403733333333333
smooth,0,0.15,0.98,random_copy_error,finalMeanComponentAccuracy,100,0.971533333333333,0.0023576986629783,0.966912243953896,0.976154422712771,100,0.0322666666666667,0.00538899406332855,0.0217042383025427,0.0428290950307907
smooth,0,0.15,0.98,random_copy_error,finalExactTargetFraction,100,0.748333333333333,0.0180619646744543,0.712931882571403,0.783734784095263,100,0.224666666666667,0.0365413223342411,0.153045674891554,0.296287658441779
smooth,0,0.15,0.98,greedy_acceptance,finalMean,100,0.9981,0.00109611598753824,0.995951612664425,1.00024838733558,100,0.0588333333333335,0.0053732460662471,0.0483017710434891,0.0693648956231778
smooth,0,0.15,0.98,greedy_acceptance,lossRate,100,0,0,0,0,100,-0.00873417721518987,0.00117559794487772,-0.0110383491871502,-0.00643000524322953
smooth,0,0.15,0.98,greedy_acceptance,bestFunctionalLineageDepth,100,5.45,0.0891882585015844,5.27519101333689,5.62480898666311,100,0.2,0.0710669054518701,0.0607088653143346,0.339291134685665
smooth,0,0.15,0.98,greedy_acceptance,bestStructuralLineageDepth,100,5.45,0.0891882585015844,5.27519101333689,5.62480898666311,100,0.2,0.0710669054518701,0.0607088653143346,0.339291134685665
smooth,0,0.15,0.98,greedy_acceptance,finalMeanComponentAccuracy,100,0.9981,0.00109611598753824,0.995951612664425,1.00024838733558,100,0.0588333333333335,0.0053732460662471,0.0483017710434891,0.0693648956231778
smooth,0,0.15,0.98,greedy_acceptance,finalExactTargetFraction,100,0.981,0.0109611598753824,0.95951612664425,1.00248387335575,100,0.457333333333333,0.0356409328480063,0.387477104951241,0.527189561715426
smooth,0.6,0.15,0.98,baseline,finalMean,100,0.958,0.0047237965290206,0.94874135880312,0.96725864119688,NaN,NaN,NaN,NaN,NaN
smooth,0.6,0.15,0.98,baseline,lossRate,100,0.00721518987341772,0.000867617855479531,0.00551465887667784,0.0089157208701576,NaN,NaN,NaN,NaN,NaN
smooth,0.6,0.15,0.98,baseline,bestFunctionalLineageDepth,100,5.12,0.0997775303139717,4.92443604058462,5.31556395941538,NaN,NaN,NaN,NaN,NaN
smooth,0.6,0.15,0.98,baseline,bestStructuralLineageDepth,100,5.12,0.0997775303139717,4.92443604058462,5.31556395941538,NaN,NaN,NaN,NaN,NaN
smooth,0.6,0.15,0.98,baseline,finalMeanComponentAccuracy,100,0.958,0.0047237965290206,0.94874135880312,0.96725864119688,NaN,NaN,NaN,NaN,NaN
smooth,0.6,0.15,0.98,baseline,finalExactTargetFraction,100,0.639,0.0353404319151044,0.569732753446395,0.708267246553605,NaN,NaN,NaN,NaN,NaN
smooth,0.6,0.15,0.98,random_demonstrator,finalMean,100,0.8912,0.00696367357932696,0.877551199784519,0.904848800215481,100,-0.0668,0.00678645247159887,-0.0801014468443338,-0.0534985531556662
smooth,0.6,0.15,0.98,random_demonstrator,lossRate,100,0.00974683544303797,0.00104684339759379,0.00769502238375414,0.0117986485023218,100,0.00253164556962025,0.00125941351433694,6.31950815198536e-05,0.00500009605772066
smooth,0.6,0.15,0.98,random_demonstrator,bestFunctionalLineageDepth,100,4.78,0.106912595283732,4.57045131324389,4.98954868675611,100,-0.34,0.0781348226148272,-0.493144252325061,-0.186855747674939
smooth,0.6,0.15,0.98,random_demonstrator,bestStructuralLineageDepth,100,4.78,0.106912595283732,4.57045131324389,4.98954868675611,100,-0.34,0.0781348226148272,-0.493144252325061,-0.186855747674939
smooth,0.6,0.15,0.98,random_demonstrator,finalMeanComponentAccuracy,100,0.8912,0.00696367357932696,0.877551199784519,0.904848800215481,100,-0.0668,0.00678645247159887,-0.0801014468443338,-0.0534985531556662
smooth,0.6,0.15,0.98,random_demonstrator,finalExactTargetFraction,100,0.244666666666667,0.0352264440002444,0.175622836426188,0.313710496907146,100,-0.394333333333333,0.0433606621929796,-0.479320231231573,-0.309346435435093
smooth,0.6,0.15,0.98,random_copy_error,finalMean,100,0.9714,0.00334314381233352,0.964847438127826,0.977952561872174,100,0.0134,0.00541519249559144,0.00278622270864079,0.0240137772913592
smooth,0.6,0.15,0.98,random_copy_error,lossRate,100,0.00772151898734177,0.000950240402994095,0.00585904779747334,0.0095839901772102,100,0.00050632911392405,0.00116487934920459,-0.00177683441051695,0.00278949263836505
smooth,0.6,0.15,0.98,random_copy_error,bestFunctionalLineageDepth,100,5.3,0.102000198058829,5.10007961180469,5.49992038819531,100,0.18,0.0592546294487706,0.0638609262804096,0.29613907371959
smooth,0.6,0.15,0.98,random_copy_error,bestStructuralLineageDepth,100,5.3,0.102000198058829,5.10007961180469,5.49992038819531,100,0.18,0.0592546294487706,0.0638609262804096,0.29613907371959
smooth,0.6,0.15,0.98,random_copy_error,finalMeanComponentAccuracy,100,0.9714,0.00334314381233352,0.964847438127826,0.977952561872174,100,0.0134,0.00541519249559144,0.00278622270864079,0.0240137772913592
smooth,0.6,0.15,0.98,random_copy_error,finalExactTargetFraction,100,0.74,0.02911334712671,0.682937839631648,0.797062160368351,100,0.101,0.0427806112140461,0.0171500020204697,0.18484999797953
smooth,0.6,0.15,0.98,greedy_acceptance,finalMean,100,0.995266666666667,0.0020836491343139,0.991182714363412,0.999350618969922,100,0.0372666666666668,0.00429375345624146,0.0288509098924335,0.0456824234409
smooth,0.6,0.15,0.98,greedy_acceptance,lossRate,100,0,0,0,0,100,-0.00721518987341772,0.000867617855479531,-0.0089157208701576,-0.00551465887667784
smooth,0.6,0.15,0.98,greedy_acceptance,bestFunctionalLineageDepth,100,5.23,0.0993463485473773,5.03528115684714,5.42471884315286,100,0.11,0.0566666666666667,-0.0010666666666667,0.221066666666667
smooth,0.6,0.15,0.98,greedy_acceptance,bestStructuralLineageDepth,100,5.23,0.0993463485473773,5.03528115684714,5.42471884315286,100,0.11,0.0566666666666667,-0.0010666666666667,0.221066666666667
smooth,0.6,0.15,0.98,greedy_acceptance,finalMeanComponentAccuracy,100,0.995266666666667,0.0020836491343139,0.991182714363412,0.999350618969922,100,0.0372666666666668,0.00429375345624146,0.0288509098924335,0.0456824234409
smooth,0.6,0.15,0.98,greedy_acceptance,finalExactTargetFraction,100,0.952666666666667,0.020836491343139,0.911827143634114,0.993506189699219,100,0.313666666666667,0.033252747707198,0.248491281160559,0.378842052172775
opaque,0,0.15,0.98,baseline,finalMean,100,0.266913498539333,0.0382602849050637,0.191923340125408,0.341903656953258,NaN,NaN,NaN,NaN,NaN
opaque,0,0.15,0.98,baseline,lossRate,100,0.0389873417721519,0.00277374561483302,0.0335508003670792,0.0444238831772246,NaN,NaN,NaN,NaN,NaN
opaque,0,0.15,0.98,baseline,bestFunctionalLineageDepth,100,3.76,0.148473716342134,3.46899151596942,4.05100848403058,NaN,NaN,NaN,NaN,NaN
opaque,0,0.15,0.98,baseline,bestStructuralLineageDepth,100,3.76,0.148473716342134,3.46899151596942,4.05100848403058,NaN,NaN,NaN,NaN,NaN
opaque,0,0.15,0.98,baseline,finalMeanComponentAccuracy,100,0.554333333333333,0.0282592416078599,0.498945219781928,0.609721446884739,NaN,NaN,NaN,NaN,NaN
opaque,0,0.15,0.98,baseline,finalExactTargetFraction,100,0.202666666666667,0.0398979618842119,0.124466661373611,0.280866671959722,NaN,NaN,NaN,NaN,NaN
opaque,0,0.15,0.98,random_demonstrator,finalMean,100,0.110152376522667,0.0238611097859801,0.0633846013421456,0.156920151703188,100,-0.156761122016667,0.0310331327493714,-0.217586062205435,-0.0959361818278986
opaque,0,0.15,0.98,random_demonstrator,lossRate,100,0.0478481012658228,0.00245755277896959,0.0430312978190424,0.0526649047126032,100,0.00886075949367088,0.00207099117555705,0.00480161678957906,0.0129199021977627
opaque,0,0.15,0.98,random_demonstrator,bestFunctionalLineageDepth,100,3.02,0.135572113577232,2.75427865738862,3.28572134261138,100,-0.74,0.138257555002074,-1.01098480780407,-0.469015192195935
opaque,0,0.15,0.98,random_demonstrator,bestStructuralLineageDepth,100,3.02,0.135572113577232,2.75427865738862,3.28572134261138,100,-0.74,0.138257555002074,-1.01098480780407,-0.469015192195935
opaque,0,0.15,0.98,random_demonstrator,finalMeanComponentAccuracy,100,0.390866666666667,0.0227895076966352,0.346199231581262,0.435534101752072,100,-0.163466666666667,0.0206101606140932,-0.203862581470289,-0.123070751863044
opaque,0,0.15,0.98,random_demonstrator,finalExactTargetFraction,100,0.0603333333333333,0.0238621885082664,0.0135634438571312,0.107103222809535,100,-0.142333333333333,0.0344879327942037,-0.209929681609973,-0.0747369850566941
opaque,0,0.15,0.98,random_copy_error,finalMean,100,0.612820138666667,0.0438501423560528,0.526873859648803,0.69876641768453,100,0.345906640127333,0.0413328176149832,0.264894317601966,0.426918962652701
opaque,0,0.15,0.98,random_copy_error,lossRate,100,0.0339240506329114,0.00282118724369449,0.0283945236352702,0.0394535776305526,100,-0.00506329113924051,0.00278143720602736,-0.0105149080630541,0.000388325784573116
opaque,0,0.15,0.98,random_copy_error,bestFunctionalLineageDepth,100,5.48,0.141763781329963,5.20214298859327,5.75785701140673,100,1.72,0.183721352470352,1.35990614915811,2.08009385084189
opaque,0,0.15,0.98,random_copy_error,bestStructuralLineageDepth,100,5.48,0.141763781329963,5.20214298859327,5.75785701140673,100,1.72,0.183721352470352,1.35990614915811,2.08009385084189
opaque,0,0.15,0.98,random_copy_error,finalMeanComponentAccuracy,100,0.811066666666667,0.0247089854474162,0.762637055189731,0.859496278143603,100,0.256733333333333,0.0253047410861401,0.207136040804499,0.306330625862168
opaque,0,0.15,0.98,random_copy_error,finalExactTargetFraction,100,0.551666666666667,0.0492420098402661,0.455152327379745,0.648181005953588,100,0.349,0.0467710592838348,0.257328723803684,0.440671276196316
opaque,0,0.15,0.98,greedy_acceptance,finalMean,100,0.965858138614667,0.0124507659553624,0.941454637342157,0.990261639887177,100,0.698944640075333,0.0387692628217821,0.62295688494464,0.774932395206026
opaque,0,0.15,0.98,greedy_acceptance,lossRate,100,0,0,0,0,100,-0.0389873417721519,0.00277374561483302,-0.0444238831772246,-0.0335508003670792
opaque,0,0.15,0.98,greedy_acceptance,bestFunctionalLineageDepth,100,5.31,0.0950225916784684,5.1237557203102,5.4962442796898,100,1.55,0.167799182526512,1.22111360224804,1.87888639775196
opaque,0,0.15,0.98,greedy_acceptance,bestStructuralLineageDepth,100,5.31,0.0950225916784684,5.1237557203102,5.4962442796898,100,1.55,0.167799182526512,1.22111360224804,1.87888639775196
opaque,0,0.15,0.98,greedy_acceptance,finalMeanComponentAccuracy,100,0.993466666666667,0.00238255915000128,0.988796850732664,0.998136482600669,100,0.439133333333333,0.0280209004886983,0.384212368375485,0.494054298291182
opaque,0,0.15,0.98,greedy_acceptance,finalExactTargetFraction,100,0.934666666666667,0.0238255915000127,0.887968507326642,0.981364826006692,100,0.732,0.0434972811565673,0.646745328933128,0.817254671066872
opaque,0.6,0.15,0.98,baseline,finalMean,100,0.381471097576,0.0419598367481754,0.299229817549576,0.463712377602424,NaN,NaN,NaN,NaN,NaN
opaque,0.6,0.15,0.98,baseline,lossRate,100,0.0330379746835443,0.00282127329616576,0.0275082790230594,0.0385676703440292,NaN,NaN,NaN,NaN,NaN
opaque,0.6,0.15,0.98,baseline,bestFunctionalLineageDepth,100,4.04,0.151704124578541,3.74265991582606,4.33734008417394,NaN,NaN,NaN,NaN,NaN
opaque,0.6,0.15,0.98,baseline,bestStructuralLineageDepth,100,4.04,0.151704124578541,3.74265991582606,4.33734008417394,NaN,NaN,NaN,NaN,NaN
opaque,0.6,0.15,0.98,baseline,finalMeanComponentAccuracy,100,0.6664,0.0278450369554926,0.611823727567234,0.720976272432765,NaN,NaN,NaN,NaN,NaN
opaque,0.6,0.15,0.98,baseline,finalExactTargetFraction,100,0.297666666666667,0.0452385000361626,0.208999206595788,0.386334126737545,NaN,NaN,NaN,NaN,NaN
opaque,0.6,0.15,0.98,random_demonstrator,finalMean,100,0.165931570271667,0.0286407283244375,0.109795742755769,0.222067397787564,100,-0.215539527304333,0.0333518557633835,-0.280909164600565,-0.150169890008101
opaque,0.6,0.15,0.98,random_demonstrator,lossRate,100,0.0477215189873418,0.0029719142030279,0.0418965671494071,0.0535464708252765,100,0.0146835443037975,0.00258052794846423,0.00962570952480758,0.0197413790827873
opaque,0.6,0.15,0.98,random_demonstrator,bestFunctionalLineageDepth,100,3.19,0.133102072170803,2.92911993854523,3.45088006145477,100,-0.85,0.145903662695214,-1.13597117888262,-0.564028821117381
opaque,0.6,0.15,0.98,random_demonstrator,bestStructuralLineageDepth,100,3.19,0.133102072170803,2.92911993854523,3.45088006145477,100,-0.85,0.145903662695214,-1.13597117888262,-0.564028821117381
opaque,0.6,0.15,0.98,random_demonstrator,finalMeanComponentAccuracy,100,0.481766666666667,0.0250640685217743,0.432641092363989,0.530892240969344,100,-0.184633333333333,0.0222697418691387,-0.228282027396845,-0.140984639269821
opaque,0.6,0.15,0.98,random_demonstrator,finalExactTargetFraction,100,0.0903333333333333,0.0283092391116343,0.0348472246745301,0.145819441992137,100,-0.207333333333333,0.0399314226958985,-0.285598921817295,-0.129067744849372
opaque,0.6,0.15,0.98,random_copy_error,finalMean,100,0.578304049890667,0.0449350732981905,0.490231306226213,0.66637679355512,100,0.196832952314667,0.0382530911068228,0.121856893745294,0.271809010884039
opaque,0.6,0.15,0.98,random_copy_error,lossRate,100,0.0334177215189874,0.00320594341070027,0.0271340724340148,0.0397013706039599,100,0.000379746835443038,0.00243023456711674,-0.00438351291610578,0.00514300658699185
opaque,0.6,0.15,0.98,random_copy_error,bestFunctionalLineageDepth,100,4.94,0.142005832857867,4.66166856759858,5.21833143240142,100,0.9,0.156669890360128,0.592927014894149,1.20707298510585
opaque,0.6,0.15,0.98,random_copy_error,bestStructuralLineageDepth,100,4.94,0.142005832857867,4.66166856759858,5.21833143240142,100,0.9,0.156669890360128,0.592927014894149,1.20707298510585
opaque,0.6,0.15,0.98,random_copy_error,finalMeanComponentAccuracy,100,0.780666666666667,0.026552702606565,0.7286233695578,0.832709963775534,100,0.114266666666667,0.0217211736035613,0.0716931664036865,0.156840166929647
opaque,0.6,0.15,0.98,random_copy_error,finalExactTargetFraction,100,0.518333333333333,0.0498761091368028,0.4205761594252,0.616090507241467,100,0.220666666666667,0.0434220278522991,0.13555949207616,0.305773841257173
opaque,0.6,0.15,0.98,greedy_acceptance,finalMean,100,0.999825806829667,0.000174193170333333,0.999484388215813,1.00016722544352,100,0.618354709253667,0.0419477995345678,0.536137022165914,0.70057239634142
opaque,0.6,0.15,0.98,greedy_acceptance,lossRate,100,0,0,0,0,100,-0.0330379746835443,0.00282127329616576,-0.0385676703440292,-0.0275082790230594
opaque,0.6,0.15,0.98,greedy_acceptance,bestFunctionalLineageDepth,100,5.28,0.0985552196138354,5.08683176955688,5.47316823044312,100,1.24,0.171222579460688,0.904403744257051,1.57559625574295
opaque,0.6,0.15,0.98,greedy_acceptance,bestStructuralLineageDepth,100,5.28,0.0985552196138354,5.08683176955688,5.47316823044312,100,1.24,0.171222579460688,0.904403744257051,1.57559625574295
opaque,0.6,0.15,0.98,greedy_acceptance,finalMeanComponentAccuracy,100,0.999966666666667,3.33333333333341e-05,0.999901333333333,1.000032,100,0.333566666666667,0.0278444152216345,0.278991612832263,0.38814172050107
opaque,0.6,0.15,0.98,greedy_acceptance,finalExactTargetFraction,100,0.999666666666667,0.000333333333333333,0.999013333333333,1.00032,100,0.702,0.0452175685690327,0.613373565604696,0.790626434395304
strict_sequence,0,0.15,0.98,baseline,finalMean,100,0.244046666666667,0.0297706432807019,0.185696205836491,0.302397127496842,NaN,NaN,NaN,NaN,NaN
strict_sequence,0,0.15,0.98,baseline,lossRate,100,0.0148101265822785,0.00145114446557268,0.011965883429756,0.0176543697348009,NaN,NaN,NaN,NaN,NaN
strict_sequence,0,0.15,0.98,baseline,bestFunctionalLineageDepth,100,2.33,0.163950596155665,2.0086568315349,2.6513431684651,NaN,NaN,NaN,NaN,NaN
strict_sequence,0,0.15,0.98,baseline,bestStructuralLineageDepth,100,3.51,0.15795089378818,3.20041624817517,3.81958375182483,NaN,NaN,NaN,NaN,NaN
strict_sequence,0,0.15,0.98,baseline,finalMeanComponentAccuracy,100,0.442433333333333,0.0280019582047339,0.387549495252055,0.497317171414612,NaN,NaN,NaN,NaN,NaN
strict_sequence,0,0.15,0.98,baseline,finalExactTargetFraction,100,0.07,0.023241763562882,0.0244461434167513,0.115553856583249,NaN,NaN,NaN,NaN,NaN
strict_sequence,0,0.15,0.98,random_demonstrator,finalMean,100,0.141686666666667,0.0197998485522896,0.102878963504179,0.180494369829154,100,-0.10236,0.021751096147411,-0.144992148448926,-0.0597278515510745
strict_sequence,0,0.15,0.98,random_demonstrator,lossRate,100,0.0194936708860759,0.00189057617509733,0.0157881415828852,0.0231992001892667,100,0.00468354430379747,0.00150157302403237,0.00174046117669403,0.00762662743090091
strict_sequence,0,0.15,0.98,random_demonstrator,bestFunctionalLineageDepth,100,1.65,0.125830573921179,1.40337207511449,1.89662792488551,100,-0.68,0.116237305161085,-0.907825118115726,-0.452174881884274
strict_sequence,0,0.15,0.98,random_demonstrator,bestStructuralLineageDepth,100,2.97,0.14316410023452,2.68939836354034,3.25060163645966,100,-0.54,0.134404785869576,-0.803433380304368,-0.276566619695632
strict_sequence,0,0.15,0.98,random_demonstrator,finalMeanComponentAccuracy,100,0.352366666666667,0.0228220705098574,0.307635408467346,0.397097924865987,100,-0.0900666666666667,0.0184010674067008,-0.1261327587838,-0.054000574549533
strict_sequence,0,0.15,0.98,random_demonstrator,finalExactTargetFraction,100,0.011,0.010017437098166,-0.0086341767124054,0.0306341767124054,100,-0.059,0.0212243375115888,-0.100599701522714,-0.017400298477286
strict_sequence,0,0.15,0.98,random_copy_error,finalMean,100,0.5414,0.0389352897783419,0.46508683203445,0.61771316796555,100,0.297353333333333,0.0317958562053203,0.235033455170906,0.359673211495761
strict_sequence,0,0.15,0.98,random_copy_error,lossRate,100,0.0155696202531646,0.00170545959010451,0.0122269194565597,0.0189123210497694,100,0.000759493670886076,0.00160740816842178,-0.00239102633922062,0.00391001368099277
strict_sequence,0,0.15,0.98,random_copy_error,bestFunctionalLineageDepth,100,4.2,0.169371983181601,3.86803091296406,4.53196908703594,100,1.87,0.18348753845337,1.5103644246314,2.2296355753686
strict_sequence,0,0.15,0.98,random_copy_error,bestStructuralLineageDepth,100,5.62,0.168642829792446,5.28946005360681,5.95053994639319,100,2.11,0.199946962664572,1.71810395317744,2.50189604682256
strict_sequence,0,0.15,0.98,random_copy_error,finalMeanComponentAccuracy,100,0.710033333333333,0.0280539201443536,0.6550476498504,0.765019016816266,100,0.2676,0.0238776849460713,0.2207997375057,0.3144002624943
strict_sequence,0,0.15,0.98,random_copy_error,finalExactTargetFraction,100,0.329333333333333,0.0455919539241988,0.239973103641904,0.418693563024763,100,0.259333333333333,0.041037553631775,0.178899728215054,0.339766938451612
strict_sequence,0,0.15,0.98,greedy_acceptance,finalMean,100,0.62188,0.0272976865856668,0.568376534292093,0.675383465707907,100,0.377833333333333,0.031552845416413,0.315989756317164,0.439676910349503
strict_sequence,0,0.15,0.98,greedy_acceptance,lossRate,100,0,0,0,0,100,-0.0148101265822785,0.00145114446557268,-0.0176543697348009,-0.011965883429756
strict_sequence,0,0.15,0.98,greedy_acceptance,bestFunctionalLineageDepth,100,5.04,0.143491808093351,4.75875605613703,5.32124394386297,100,2.71,0.196069973079598,2.32570285276399,3.09429714723601
strict_sequence,0,0.15,0.98,greedy_acceptance,bestStructuralLineageDepth,100,5.94,0.128566297797257,5.68801005631738,6.19198994368262,100,2.43,0.200632837176608,2.03675963913385,2.82324036086615
strict_sequence,0,0.15,0.98,greedy_acceptance,finalMeanComponentAccuracy,100,0.787633333333333,0.0164131079394929,0.755463641771927,0.81980302489474,100,0.3452,0.0272403905564062,0.291808834509444,0.398591165490556
strict_sequence,0,0.15,0.98,greedy_acceptance,finalExactTargetFraction,100,0.234333333333333,0.0405336318215131,0.154887414963168,0.313779251703499,100,0.164333333333333,0.0416798093750421,0.0826409069582509,0.246025759708416
strict_sequence,0.6,0.15,0.98,baseline,finalMean,100,0.289223333333333,0.0327049034290773,0.225121722612342,0.353324944054325,NaN,NaN,NaN,NaN,NaN
strict_sequence,0.6,0.15,0.98,baseline,lossRate,100,0.0159493670886076,0.00168411573537219,0.0126485002472781,0.0192502339299371,NaN,NaN,NaN,NaN,NaN
strict_sequence,0.6,0.15,0.98,baseline,bestFunctionalLineageDepth,100,2.46,0.171987784391212,2.12290394259322,2.79709605740678,NaN,NaN,NaN,NaN,NaN
strict_sequence,0.6,0.15,0.98,baseline,bestStructuralLineageDepth,100,3.55,0.159782048523303,3.23682718489433,3.86317281510567,NaN,NaN,NaN,NaN,NaN
strict_sequence,0.6,0.15,0.98,baseline,finalMeanComponentAccuracy,100,0.508933333333333,0.0279504885324594,0.454150375809713,0.563716290856954,NaN,NaN,NaN,NaN,NaN
strict_sequence,0.6,0.15,0.98,baseline,finalExactTargetFraction,100,0.102,0.0294918429248179,0.0441959878673569,0.159804012132643,NaN,NaN,NaN,NaN,NaN
strict_sequence,0.6,0.15,0.98,random_demonstrator,finalMean,100,0.190846666666667,0.0284794522655686,0.135026940226152,0.246666393107181,100,-0.0983766666666667,0.0196505501817809,-0.136891745022957,-0.0598615883103761
strict_sequence,0.6,0.15,0.98,random_demonstrator,lossRate,100,0.020126582278481,0.00171718694997234,0.0167608958565352,0.0234922687004268,100,0.00417721518987342,0.00124721004512637,0.00173268350142573,0.00662174687832111
strict_sequence,0.6,0.15,0.98,random_demonstrator,bestFunctionalLineageDepth,100,1.68,0.144166009807577,1.39743462077715,1.96256537922285,100,-0.78,0.151477571097026,-1.07689603935017,-0.483103960649829
strict_sequence,0.6,0.15,0.98,random_demonstrator,bestStructuralLineageDepth,100,2.93,0.137256671748203,2.66097692337352,3.19902307662648,100,-0.62,0.148242226021325,-0.910554763001797,-0.329445236998203
strict_sequence,0.6,0.15,0.98,random_demonstrator,finalMeanComponentAccuracy,100,0.413066666666667,0.0267423454754136,0.360651669534856,0.465481663798477,100,-0.0958666666666666,0.0174762381567726,-0.130120093453941,-0.0616132398793924
strict_sequence,0.6,0.15,0.98,random_demonstrator,finalExactTargetFraction,100,0.0616666666666667,0.0238653866067577,0.0148905089174216,0.108442824415912,100,-0.0403333333333333,0.0186725279398184,-0.0769314880953774,-0.00373517857128926
strict_sequence,0.6,0.15,0.98,random_copy_error,finalMean,100,0.413203333333333,0.035520910170933,0.343582349398304,0.482824317268362,100,0.12398,0.0202842863886936,0.0842227986781605,0.163737201321839
strict_sequence,0.6,0.15,0.98,random_copy_error,lossRate,100,0.0162025316455696,0.00166925020562598,0.0129308012425427,0.0194742620485965,100,0.000253164556962025,0.00130956266852567,-0.00231357827334829,0.00281990738727234
strict_sequence,0.6,0.15,0.98,random_copy_error,bestFunctionalLineageDepth,100,3.32,0.178591571735481,2.96996051939846,3.67003948060154,100,0.86,0.134103834336824,0.597156484699825,1.12284351530018
strict_sequence,0.6,0.15,0.98,random_copy_error,bestStructuralLineageDepth,100,4.53,0.167244453034195,4.20220087205298,4.85779912794702,100,0.98,0.132558353836026,0.720185626481388,1.23981437351861
strict_sequence,0.6,0.15,0.98,random_copy_error,finalMeanComponentAccuracy,100,0.6277,0.0266966033560819,0.575374657422079,0.68002534257792,100,0.118766666666667,0.0163978082217751,0.0866269625519875,0.150906370781346
strict_sequence,0.6,0.15,0.98,random_copy_error,finalExactTargetFraction,100,0.167666666666667,0.0362013790189432,0.0967119637895381,0.238621369543795,100,0.0656666666666667,0.0237147990656684,0.0191856604979566,0.112147672835377
strict_sequence,0.6,0.15,0.98,greedy_acceptance,finalMean,100,0.664003333333333,0.0287915841827623,0.607571828335119,0.720434838331547,100,0.37478,0.0338274230527957,0.30847825081652,0.44108174918348
strict_sequence,0.6,0.15,0.98,greedy_acceptance,lossRate,100,0,0,0,0,100,-0.0159493670886076,0.00168411573537219,-0.0192502339299371,-0.0126485002472781
strict_sequence,0.6,0.15,0.98,greedy_acceptance,bestFunctionalLineageDepth,100,4.99,0.140342294394668,4.71492910298645,5.26507089701355,100,2.53,0.210076945980094,2.11824918587902,2.94175081412098
strict_sequence,0.6,0.15,0.98,greedy_acceptance,bestStructuralLineageDepth,100,5.78,0.141835015835906,5.50200336896162,6.05799663103838,100,2.23,0.197895493285285,1.84212483316084,2.61787516683916
strict_sequence,0.6,0.15,0.98,greedy_acceptance,finalMeanComponentAccuracy,100,0.816733333333333,0.0161916815045221,0.78499763758447,0.848469029082196,100,0.3078,0.0266749658802744,0.255517066874662,0.360082933125338
strict_sequence,0.6,0.15,0.98,greedy_acceptance,finalExactTargetFraction,100,0.328666666666667,0.0464231742894765,0.237677245059293,0.419656088274041,100,0.226666666666667,0.0414333535136785,0.145457293779857,0.307876039553476
