TaskType,Tau,Mu,Phi,FinalMeanSocial,FinalMeanAsocial,NormalisedSocialGain,LossRateSocial,TraditionSocial,BestFunctionalLineageDepthSocial,PHighSocial
smooth,0,0,0.45,0.2246,0.198666666666667,0.0323627287853577,0.00860759493670886,0.0373333333333333,0,0
smooth,0,0,0.65,0.341833333333333,0.198666666666667,0.178660565723794,0.00329113924050633,0.06,0,0
smooth,0,0,0.8,0.410066666666667,0.198666666666667,0.263810316139767,0.000632911392405063,0.0969999999999999,0,0
smooth,0,0,0.92,0.466966666666667,0.198666666666667,0.33481697171381,0.000253164556962025,0.204,0,0
smooth,0,0,0.98,0.493233333333334,0.198666666666667,0.367595673876872,0,0.44,0,0
smooth,0,0.03,0.45,0.225566666666667,0.2201,0.00700944565542588,0.0107594936708861,0.036,0.39,0
smooth,0,0.03,0.65,0.3637,0.2201,0.184126170021798,0.00569620253164557,0.0576666666666666,0.79,0
smooth,0,0.03,0.8,0.493133333333333,0.2201,0.350087618070693,0.00329113924050633,0.112,1.29,0
smooth,0,0.03,0.92,0.638799999999999,0.2201,0.536863700474419,0.00506329113924051,0.268,2.23,0
smooth,0,0.03,0.98,0.708866666666667,0.2201,0.626704278326281,0.00683544303797468,0.542,2.55,0.009
smooth,0,0.08,0.45,0.2393,0.2484,-0.0121075039914847,0.0108860759493671,0.0363333333333333,1.17,0
smooth,0,0.08,0.65,0.397766666666667,0.2484,0.19873159481994,0.00962025316455695,0.0626666666666666,1.63,0
smooth,0,0.08,0.8,0.549033333333333,0.2484,0.399991130033706,0.00949367088607595,0.110333333333333,2.47,0
smooth,0,0.08,0.92,0.743066666666667,0.2484,0.658151499024304,0.00759493670886076,0.312,3.52,0.011
smooth,0,0.08,0.98,0.881799999999999,0.2484,0.842735497605108,0.00759493670886076,0.662666666666667,4.42,0.246
smooth,0,0.15,0.45,0.264633333333333,0.284633333333333,-0.0279576906947486,0.0117721518987342,0.0366666666666666,1.63,0
smooth,0,0.15,0.65,0.419,0.284633333333333,0.187829085317553,0.0106329113924051,0.0586666666666666,2.63,0
smooth,0,0.15,0.8,0.602166666666667,0.284633333333333,0.443874935930292,0.00924050632911392,0.109,3.49,0
smooth,0,0.15,0.92,0.823633333333333,0.284633333333333,0.753459764223475,0.00810126582278481,0.341,4.76,0.0903333333333333
smooth,0,0.15,0.98,0.936666666666667,0.284633333333333,0.911467312799963,0.00670886075949367,0.673333333333333,5.36,0.508666666666666
smooth,0.6,0,0.45,0.402133333333334,0.198666666666667,0.253910149750416,0.0010126582278481,0.0939999999999999,0,0
smooth,0.6,0,0.65,0.433833333333333,0.198666666666667,0.29346921797005,0.000379746835443038,0.134333333333333,0,0
smooth,0.6,0,0.8,0.457733333333333,0.198666666666667,0.323294509151414,0.000126582278481013,0.185,0,0
smooth,0.6,0,0.92,0.479,0.198666666666667,0.349833610648919,0,0.343333333333333,0,0
smooth,0.6,0,0.98,0.477566666666667,0.198666666666667,0.348044925124792,0,0.608333333333333,0,0
smooth,0.6,0.03,0.45,0.473866666666667,0.2201,0.325383596187546,0.00430379746835443,0.102,1.24,0
smooth,0.6,0.03,0.65,0.574433333333333,0.2201,0.454331751934008,0.00341772151898734,0.152666666666666,1.7,0
smooth,0.6,0.03,0.8,0.648366666666666,0.2201,0.549130230371415,0.00531645569620253,0.282,2.48,0
smooth,0.6,0.03,0.92,0.6982,0.2201,0.613027311193742,0.00569620253164557,0.486666666666667,2.66,0.000666666666666667
smooth,0.6,0.03,0.98,0.7495,0.2201,0.678804974996795,0.00481012658227848,0.732333333333333,2.88,0.0236666666666667
smooth,0.6,0.08,0.45,0.541133333333333,0.2484,0.389480219975164,0.00620253164556962,0.105333333333333,2.28,0
smooth,0.6,0.08,0.65,0.6431,0.2484,0.525146354443853,0.010379746835443,0.170333333333333,2.98,0
smooth,0.6,0.08,0.8,0.7612,0.2484,0.682277807344332,0.00911392405063291,0.299,3.78,0.0253333333333333
smooth,0.6,0.08,0.92,0.816366666666667,0.2484,0.755676778428242,0.00962025316455696,0.532333333333333,4.03,0.0706666666666667
smooth,0.6,0.08,0.98,0.884333333333334,0.2484,0.846106084796878,0.0089873417721519,0.738,4.51,0.264666666666667
smooth,0.6,0.15,0.45,0.592266666666667,0.284633333333333,0.430035879036392,0.010253164556962,0.104,3.66,0
smooth,0.6,0.15,0.65,0.715166666666666,0.284633333333333,0.601835888355621,0.00734177215189874,0.159333333333333,4.24,0.005
smooth,0.6,0.15,0.8,0.835433333333333,0.284633333333333,0.769954801733377,0.00721518987341772,0.367,4.66,0.112333333333333
smooth,0.6,0.15,0.92,0.9135,0.284633333333333,0.879082987745212,0.00772151898734177,0.59,5.09,0.365333333333333
smooth,0.6,0.15,0.98,0.952133333333333,0.284633333333333,0.933087926937234,0.00658227848101266,0.781,5.25,0.582
opaque,0,0,0.45,0,0.0205285632903333,-0.0209588177061036,0.0464556962025317,0.035,0,0
opaque,0,0,0.65,6.66667266666667e-06,0.0205285632903333,-0.0209520113078599,0.0513924050632912,0.0476666666666667,0,0
opaque,0,0,0.8,0.000626667230666667,0.0205285632903333,-0.020319016271187,0.0507594936708861,0.0709999999999999,0,0
opaque,0,0,0.92,0.0128303150343333,0.0205285632903333,-0.00785959443785384,0.0312658227848101,0.128,0,0
opaque,0,0,0.98,0.0323139549856666,0.0205285632903333,0.0120323995714708,0.0110126582278481,0.311,0,0
opaque,0,0.03,0.45,0.000230000207,0.0200880749376667,-0.0202651628404292,0.0983544303797469,0.0343333333333333,1.02,0
opaque,0,0.03,0.65,0.000350001077,0.0200880749376667,-0.0201427019672315,0.0832911392405064,0.0493333333333333,0.94,0
opaque,0,0.03,0.8,0.00137339982533333,0.0200880749376667,-0.0190983236693878,0.0664556962025317,0.0743333333333333,0.96,0
opaque,0,0.03,0.92,0.0214570200056667,0.0200880749376667,0.00139700827491503,0.0387341772151899,0.132333333333333,0.77,0
opaque,0,0.03,0.98,0.041033484296,0.0200880749376667,0.0213747876953339,0.0243037974683544,0.299333333333333,1.04,0
opaque,0,0.08,0.45,0.000420002664,0.0204540562946667,-0.0204523879246376,0.105696202531646,0.0343333333333333,1.76,0
opaque,0,0.08,0.65,0.001030016929,0.0204540562946667,-0.0198296358537214,0.0917721518987342,0.0476666666666666,1.96,0
opaque,0,0.08,0.8,0.00289675447966666,0.0204540562946667,-0.0179239186562153,0.0734177215189874,0.0699999999999999,2.05,0
opaque,0,0.08,0.92,0.078049324091,0.0204540562946667,0.058797923840578,0.0479746835443038,0.173,2.1,0.0503333333333333
opaque,0,0.08,0.98,0.123856002282667,0.0204540562946667,0.105561098642153,0.0363291139240507,0.358333333333333,2.32,0.026
opaque,0,0.15,0.45,0.000940012276000001,0.0219820224266667,-0.0215149523149628,0.0930379746835444,0.0346666666666666,2.87,0
opaque,0,0.15,0.65,0.001730020607,0.0219820224266667,-0.0207071876837235,0.0906329113924051,0.0453333333333333,2.84,0
opaque,0,0.15,0.8,0.004240507162,0.0219820224266667,-0.0181402752009601,0.0848101265822785,0.0719999999999999,3.04,0
opaque,0,0.15,0.92,0.0671777089836667,0.0219820224266667,0.0462115089838532,0.0568354430379747,0.152666666666667,3.02,0.0403333333333333
opaque,0,0.15,0.98,0.236969674287667,0.0219820224266667,0.219819734187739,0.0362025316455696,0.370666666666667,3.8,0.148333333333333
opaque,0.6,0,0.45,0.000376672339666667,0.0205285632903333,-0.020574250759535,0.0515189873417722,0.0696666666666666,0,0
opaque,0.6,0,0.65,0.00339971382966667,0.0205285632903333,-0.0174878498940281,0.0426582278481013,0.0946666666666666,0,0
opaque,0.6,0,0.8,0.0113304947256667,0.0205285632903333,-0.00939084920696176,0.0306329113924051,0.131666666666667,0,0
opaque,0.6,0,0.92,0.0321659110486667,0.0205285632903333,0.0118812528085828,0.0111392405063291,0.234666666666667,0,0
opaque,0.6,0,0.98,0.0393668001156667,0.0205285632903333,0.0192330639968599,0.00734177215189873,0.508666666666667,0,0
opaque,0.6,0.03,0.45,0.001300098916,0.0200880749376667,-0.0191731272384215,0.0683544303797469,0.0693333333333333,1.08,0
opaque,0.6,0.03,0.65,0.00550505378,0.0200880749376667,-0.0148819713126147,0.0559493670886077,0.0889999999999999,0.99,0
opaque,0.6,0.03,0.8,0.020561961622,0.0200880749376667,0.000483601303559176,0.04,0.126,0.73,0
opaque,0.6,0.03,0.92,0.045149688407,0.0200880749376667,0.0255753734885297,0.0278481012658228,0.23,0.97,0
opaque,0.6,0.03,0.98,0.079579853546,0.0200880749376667,0.0607113528132123,0.0220253164556962,0.480333333333333,1.28,0
opaque,0.6,0.08,0.45,0.002630120825,0.0204540562946667,-0.0181961199310815,0.0746835443037975,0.066,2.04,0
opaque,0.6,0.08,0.65,0.0165381853526667,0.0204540562946667,-0.00399763887254479,0.0627848101265824,0.0926666666666666,1.75,0.00966666666666667
opaque,0.6,0.08,0.8,0.0164801794,0.0204540562946667,-0.00405685605683248,0.0536708860759494,0.117666666666667,1.96,0
opaque,0.6,0.08,0.92,0.0959244043956666,0.0204540562946667,0.0770462565701798,0.0359493670886076,0.250666666666667,2.24,0.029
opaque,0.6,0.08,0.98,0.142360382437,0.0204540562946667,0.124451871732731,0.0343037974683544,0.425333333333333,2.41,0.06
opaque,0.6,0.15,0.45,0.00380708712266667,0.0219820224266667,-0.0185834368291428,0.0859493670886076,0.0666666666666666,3.02,0
opaque,0.6,0.15,0.65,0.00831097208533333,0.0219820224266667,-0.0139783221319245,0.0743037974683545,0.0796666666666666,3.12,0
opaque,0.6,0.15,0.8,0.0321335726836667,0.0219820224266667,0.0103797174385159,0.0620253164556963,0.123333333333333,2.83,0.00966666666666667
opaque,0.6,0.15,0.92,0.212717149409667,0.0219820224266667,0.1950221073198,0.0418987341772152,0.320666666666667,3.47,0.163
opaque,0.6,0.15,0.98,0.31066823016,0.0219820224266667,0.295174745611143,0.0354430379746836,0.475333333333333,3.7,0.237666666666667
strict_sequence,0,0,0.45,0.000623333333333333,0.00406,-0.00345067641290306,0.0182278481012658,0.0363333333333333,0,0
strict_sequence,0,0,0.65,0.00201,0.00406,-0.00205835692913228,0.0191139240506329,0.0486666666666667,0,0
strict_sequence,0,0,0.8,0.00801666666666667,0.00406,0.00397279621931709,0.0154430379746835,0.0749999999999999,0,0
strict_sequence,0,0,0.92,0.02292,0.00406,0.0189368837480169,0.0079746835443038,0.136666666666667,0,0
strict_sequence,0,0,0.98,0.03613,0.00406,0.0322007349840352,0.00544303797468355,0.318666666666667,0,0
strict_sequence,0,0.03,0.45,3.33333333333333e-05,0.00408666666666667,-0.00406996592742341,0.029493670886076,0.0363333333333333,0.17,0
strict_sequence,0,0.03,0.65,0.00186,0.00408666666666667,-0.0022358036509201,0.0274683544303798,0.046,0.15,0
strict_sequence,0,0.03,0.8,0.00409666666666667,0.00408666666666667,1.00410343604183e-05,0.0239240506329114,0.0733333333333333,0.21,0
strict_sequence,0,0.03,0.92,0.0259066666666667,0.00408666666666667,0.0219095369744355,0.0117721518987342,0.129,0.38,0
strict_sequence,0,0.03,0.98,0.0830133333333333,0.00408666666666667,0.0792505371953383,0.00873417721518987,0.330333333333333,0.58,0
strict_sequence,0,0.08,0.45,0.000533333333333333,0.00414,-0.00362166034047624,0.0425316455696203,0.0343333333333333,0.4,0
strict_sequence,0,0.08,0.65,0.00647666666666667,0.00414,0.00234638068269302,0.04,0.05,0.44,0
strict_sequence,0,0.08,0.8,0.0120566666666667,0.00414,0.00794957791925237,0.029367088607595,0.0709999999999999,0.43,0
strict_sequence,0,0.08,0.92,0.0630766666666667,0.00414,0.0591816788169689,0.0172151898734177,0.145,0.83,0
strict_sequence,0,0.08,0.98,0.14118,0.00414,0.137609704175286,0.0111392405063291,0.322333333333333,1.3,0.01
strict_sequence,0,0.15,0.45,0.00102666666666667,0.00519333333333334,-0.00418841852018148,0.0578481012658229,0.034,0.59,0
strict_sequence,0,0.15,0.65,0.00393,0.00519333333333334,-0.00126992849531903,0.0478481012658228,0.046,0.67,0
strict_sequence,0,0.15,0.8,0.0273033333333333,0.00519333333333334,0.022225424035491,0.0382278481012659,0.0776666666666666,0.93,0
strict_sequence,0,0.15,0.92,0.112983333333333,0.00519333333333334,0.108352711749687,0.0240506329113924,0.163333333333333,1.62,0.012
strict_sequence,0,0.15,0.98,0.222766666666667,0.00519333333333334,0.218709162919428,0.0187341772151899,0.327666666666667,2.18,0.041
strict_sequence,0.6,0,0.45,0.00476666666666667,0.00406,0.000709547429229338,0.0173417721518987,0.0673333333333333,0,0
strict_sequence,0.6,0,0.65,0.0133,0.00406,0.00927766732935719,0.0130379746835443,0.0913333333333332,0,0
strict_sequence,0.6,0,0.8,0.02405,0.00406,0.0200714902504167,0.00835443037974683,0.129333333333333,0,0
strict_sequence,0.6,0,0.92,0.0296733333333333,0.00406,0.0257177473877275,0.00645569620253165,0.237666666666667,0,0
strict_sequence,0.6,0,0.98,0.0273466666666667,0.00406,0.0233815959462083,0.00556962025316456,0.454333333333333,0,0
strict_sequence,0.6,0.03,0.45,0.0123733333333333,0.00408666666666667,0.00832067047333436,0.0216455696202532,0.0716666666666666,0.18,0
strict_sequence,0.6,0.03,0.65,0.01373,0.00408666666666667,0.00968290413489795,0.0179746835443038,0.0929999999999999,0.17,0
strict_sequence,0.6,0.03,0.8,0.0332733333333333,0.00408666666666667,0.0293064322866113,0.0122784810126582,0.147,0.31,0
strict_sequence,0.6,0.03,0.92,0.0628133333333333,0.00408666666666667,0.0589676477872907,0.010253164556962,0.256,0.45,0
strict_sequence,0.6,0.03,0.98,0.0691066666666667,0.00408666666666667,0.0652868054114481,0.00860759493670886,0.444666666666667,0.55,0
strict_sequence,0.6,0.08,0.45,0.00991666666666666,0.00414,0.00580068148802709,0.0329113924050633,0.0703333333333333,0.49,0
strict_sequence,0.6,0.08,0.65,0.03524,0.00414,0.0312292892575262,0.0220253164556962,0.0956666666666666,0.71,0
strict_sequence,0.6,0.08,0.8,0.04872,0.00414,0.0447653284598237,0.0224050632911392,0.132666666666667,0.73,0
strict_sequence,0.6,0.08,0.92,0.114143333333333,0.00414,0.110460640384525,0.0146835443037975,0.258333333333333,1.09,0
strict_sequence,0.6,0.08,0.98,0.13247,0.00414,0.128863494868757,0.0145569620253165,0.397,1.44,0.01
strict_sequence,0.6,0.15,0.45,0.0104833333333333,0.00519333333333334,0.0053176161532224,0.0444303797468355,0.0686666666666666,0.81,0
strict_sequence,0.6,0.15,0.65,0.04759,0.00519333333333334,0.0426179961265505,0.0269620253164557,0.0939999999999999,1.16,0
strict_sequence,0.6,0.15,0.8,0.128856666666667,0.00519333333333334,0.12430891094417,0.0216455696202532,0.165,1.82,0.00966666666666667
strict_sequence,0.6,0.15,0.92,0.177953333333333,0.00519333333333334,0.173661884051172,0.020126582278481,0.284666666666667,2.17,0.0286666666666667
strict_sequence,0.6,0.15,0.98,0.27131,0.00519333333333334,0.267505914046951,0.0145569620253165,0.413666666666666,2.4,0.107666666666667
