TaskType_thr,Tau_thr,Threshold,Reached,MinPhiForThreshold,MinMuForThreshold,MaxValueAtThresholdSearch
smooth,0,0.25,1,0.45,0.15,0.936666666666667
smooth,0,0.5,1,0.8,0.08,0.936666666666667
smooth,0,0.8,1,0.92,0.15,0.936666666666667
smooth,0,0.95,0,NaN,NaN,0.936666666666667
smooth,0.6,0.25,1,0.45,0,0.952133333333333
smooth,0.6,0.5,1,0.45,0.08,0.952133333333333
smooth,0.6,0.8,1,0.8,0.15,0.952133333333333
smooth,0.6,0.95,1,0.98,0.15,0.952133333333333
opaque,0,0.25,0,NaN,NaN,0.236969674287667
opaque,0,0.5,0,NaN,NaN,0.236969674287667
opaque,0,0.8,0,NaN,NaN,0.236969674287667
opaque,0,0.95,0,NaN,NaN,0.236969674287667
opaque,0.6,0.25,1,0.98,0.15,0.31066823016
opaque,0.6,0.5,0,NaN,NaN,0.31066823016
opaque,0.6,0.8,0,NaN,NaN,0.31066823016
opaque,0.6,0.95,0,NaN,NaN,0.31066823016
strict_sequence,0,0.25,0,NaN,NaN,0.222766666666667
strict_sequence,0,0.5,0,NaN,NaN,0.222766666666667
strict_sequence,0,0.8,0,NaN,NaN,0.222766666666667
strict_sequence,0,0.95,0,NaN,NaN,0.222766666666667
strict_sequence,0.6,0.25,1,0.98,0.15,0.27131
strict_sequence,0.6,0.5,0,NaN,NaN,0.27131
strict_sequence,0.6,0.8,0,NaN,NaN,0.27131
strict_sequence,0.6,0.95,0,NaN,NaN,0.27131
